Title,Subsection,Subsection2,Title/Subsection Image Link,All other image links,Description
Utah Geography,Great Basin,,https://collections.lib.utah.edu/details?id=204641,,"The Great Basin National Heritage Area was designated by Congress in 2006 to recognize its ""classic western landscape that contains long natural vistas, isolated high desert valleys, mountain ranges, ranches, mines, historic railroads, archaeological sites and tribal communities."" The recognized Area is made up of two neighboring counties, White Pine in Nevada and Millard in Utah, as representative of the larger geographic Great Basin. The Great Basin National Heritage Partnership was designated at the local coordinating entity for the Area."
,,,,https://collections.lib.utah.edu/details?id=204557,View of the natural entrance to Lehman Cave
,,,,https://collections.lib.utah.edu/details?id=204542,View of parachute formations in Lehman Cave.
,,,,https://collections.lib.utah.edu/details?id=204545,View of Mt. Washington
,,,,http://contentdm.library.unr.edu/cdm/ref/collection/spphotos/id/4685,"Photograph of tour group at the Pearly Gates, Lehman Caves, Great Basin National Park; 1949"
,,,,http://contentdm.library.unr.edu/cdm/ref/collection/Shoshone/id/13,"The playa after rain, Mt. Tenao and Cortez Mountains in background."
,,,,https://collections.lib.utah.edu/details?id=204641,Map detailing the Great Basin area of Utah and Nevada
,,,,https://collections.lib.utah.edu/details?id=1105257,National Park Service sound spectrograms
,,,,https://collections.lib.utah.edu/details?id=352878,An account of the shortest route to California illustrated by a history of explorations of the Great Basin of Utah with its topographical and geological character and some account of the Indian tribes
,,,,https://collections.lib.utah.edu/details?id=439456,Manti National Forest; Great Basin Forest Experiment Station
,,,,https://collections.lib.utah.edu/details?id=450560,"Counties existing in Deseret at the end of 1850 are blacked in on the map. The first counties were restricted to inhabited valleys. Iron County between January and December 1850 was called Little Salt Lake County. Davis County was created in October, 1850, out of Weber and Great Salt Lake Counties; the latter originally extended almost to the northern Davis County boundary."
,,,,https://collections.lib.utah.edu/details?id=450508,"Map of the Territory West of the Rocky Mountains. The second map included in Washington Irving's book: The Rocky Mountains; or Scenes, Incidents, and Adventures in the Far West. Later this was called The Adventures of Captain Bonneville. This book together with this map produced by Capt. Bonneville was a result of his expedition, was published in 1837"
,,,,http://digitallibrary.utah.gov/awweb/pdfopener?sid=DE80B3DED7EFCFCB84413DC591757C4B&did=75417&fl=%2Fpublications%2Fmp4%2Fdc052911.mp4,Strutting sage-grouse in southwestern Utah
,,,,https://collections.lib.utah.edu/details?id=1117835,Great Basin (Western) Rattlesnake
,,,,https://collections.lib.utah.edu/details?id=1117818,Great Basin Spadefoot
,Rocky Mountains,,https://collections.lib.utah.edu/details?id=440512,,"Colorado River Bridge (Moab, Utah). The highway to the left is US 160. The photo was taken in July when the water was high and the river at a flood state. Regular boat trips are scheduled from this point to Lees Ferry, a distance of nearly 270 miles."
,,,,http://digital.lib.usu.edu/cdm/ref/collection/Bear/id/89,"Map of prehistoric freshwater Lake Bonneville showing its main body and Sevier body, with the Provo water area marked in blue."
,,,,http://digital.lib.usu.edu/cdm/ref/collection/regreening/id/2867,"History of Water Resources Development in the Bear River Basin of Utah, Idaho, and Wyoming by R. Scott Wrenn. M.S. thesis by R. Scott Wrenn, submitted in partial fulfillment of the requirements for the degree of Master of Science in History, Utah State University, 1973. Typewritten, 127 single-sided pages. Includes tables and maps."
,,,,http://digital.lib.usu.edu/cdm/ref/collection/regreening/id/876,"On Horseback and By Highway: Administrative Facilities of the Wasatch-Cache National Forest, 1902-1960"
,,,,http://contentdm.lib.byu.edu/cdm/ref/collection/ProvoPhoto/id/800,A view of the ice-filled Utah Lake looking east towards Mt. Timpanogos.
,,,,https://collections.lib.utah.edu/details?id=1093814,Winter has come to the Flaming Gorge area.
,,,,https://collections.lib.utah.edu/details?id=995717,"Photo showing boating on Great Salt Lake, Utah"
,,,,https://collections.lib.utah.edu/details?id=997634,"Snowy Egret in Great Salt Lake, Utah"
,,,,http://contentdm.li.suu.edu/cdm/ref/collection/SUSC/id/0,View of dock at Lake Powell looking toward Rainbow Bridge National Monument.
,,,,https://collections.lib.utah.edu/details?id=484608,"Colorado River below Moab, Utah."
,,,,http://digital.library.unlv.edu/objects/LV_Maps/964,"Shows reservoir sites, irrigated areas, power plants, power sites, dam sites, national parks or monuments, and diversion from basin."
,,,,https://collections.lib.utah.edu/details?id=440512,"Colorado River Bridge (Moab, Utah). The highway to the left is US 160. The photo was taken in July when the water was high and the river at a flood state. Regular boat trips are scheduled from this point to Lees Ferry, a distance of nearly 270 miles."
,,,,https://collections.lib.utah.edu/details?id=994298,"Bear Lake Development, New dike headgates carrying 400 sec. feet, looking downstream, Oct. 16, 1914."
,,,,http://digital.lib.usu.edu/cdm/ref/collection/Bear/id/5650,"Printed against a township & range grid, this map shows various rivers and lakes (GreatSalt Lake and Bear Lake) in Northern Utah and the canals of the Bear Lake and River Water Works and Irrigation Co. as of 1889."
,,,,https://collections.lib.utah.edu/details?id=459871,Uinta Mountains (Utah and Wyo.)
,,,,https://collections.lib.utah.edu/details?id=459530,Wasatch Range (Utah and Idaho)
,,,,http://digitallibrary.utah.gov/awweb/main.jsp?flag=browse&smd=1&awdid=2,"Earthquake site conditions in the Wasatch Front urban corridor, Utah"
,,,,https://collections.lib.utah.edu/details?id=484058,Abajo Mountains; San Juan County; Utah; United States
,,,,https://collections.lib.utah.edu/details?id=1119043,Audio tracks of Bighorn rams
,,,,https://collections.lib.utah.edu/details?id=1119458,Audio tracks of Needles crickets
,,,,https://collections.lib.utah.edu/details?id=1119461,Audio tracks of spotted owls
,,,,https://collections.lib.utah.edu/details?id=1119020,Audio tracks of prairie dog calls
,,,,http://digitallibrary.utah.gov/awweb/pdfopener?sid=37C772A214A8CBE93E6014190295BEC5&did=54789&fl=%2Fpublications%2Fdc037507.pdf#toolbar=0,Rocky Mountain Elk Wildlife Notebook Series
,,,,http://digitallibrary.utah.gov/awweb/pdfopener?sid=37C772A214A8CBE93E6014190295BEC5&did=51234&fl=%2Fpublications%2Fdc034554.pdf#toolbar=0,Lakes of the High Uintas
,,,,http://digitallibrary.utah.gov/awweb/pdfopener?sid=37C772A214A8CBE93E6014190295BEC5&did=9767&fl=%2Fpublications%2Flr000084.pdf#toolbar=0,Boreal Toad conservation plan for Utah
,,,,http://digitallibrary.utah.gov/awweb/pdfopener?sid=37C772A214A8CBE93E6014190295BEC5&did=51241&fl=%2Fpublications%2Fdc034561.pdf#toolbar=0,The Provo and Weber Rivers information pamphlet
,,,,http://digitallibrary.utah.gov/awweb/pdfopener?sid=37C772A214A8CBE93E6014190295BEC5&did=66236&fl=%2Fpublications%2Fdc046598.pdf#toolbar=0,Utah Snowshoe Hare conservation plan
,,,,http://digitallibrary.utah.gov/awweb/pdfopener?sid=37C772A214A8CBE93E6014190295BEC5&did=66190&fl=%2Fpublications%2Fdc046552.pdf#toolbar=0,Colorado River Cutthroat Trout conservation plan
,National Parks & Monuments,,https://collections.lib.utah.edu/details?id=458659,,Zion National Park
,,,,http://digitallibrary.utah.gov/awweb/main.jsp?flag=collection&smd=1&cl=all_lib&lb_document_id=58646&tm=1517943502342,National parks and reserves video
,,,,http://digitallibrary.utah.gov/awweb/pdfopener?sid=8B5F1877EB814C0DA0536DA2DA50A998&did=82359&fl=%2Fpublications%2Fpdf%2Frm006091.pdf#toolbar=0,Address on National Parks and Monuments.
,,,,https://collections.lib.utah.edu/details?id=457759,Capitol Reef National Park (Utah)
,,,,https://collections.lib.utah.edu/details?id=457857,Arches National Park (Utah)
,,,,https://collections.lib.utah.edu/details?id=458659,"Zion National Park showing the Virgin River with The Watchmen in the distance, 1924."
,,,,https://collections.lib.utah.edu/details?id=457767,Bryce Canyon National Park (Utah)
,,,,https://collections.lib.utah.edu/details?id=457741,Bryce Canyon National Park (Utah)
,,,,https://collections.lib.utah.edu/details?id=484104,Tourist stagecoach inside Zion National Park
,,,,https://collections.lib.utah.edu/details?id=458220,"Dinosaur Quarry Visitor Center, Dinosaur National Monument."
,,,,https://collections.lib.utah.edu/details?id=380152,The Commissioner of Indian Affairs discusses a legal claim by the Uintah and White River Utes against the U.S. Government over the construction of the Uintah National Forest
,,,,https://collections.lib.utah.edu/details?id=407207,Uintah County (Utah)
,,,,http://digital.lib.usu.edu/cdm/ref/collection/Elusive/id/1008,This survey of potential ecological natural landmarks of the Middle Rocky Mountains was written by Janet L. Johnson and Robert D. Pfister in June 1982.
,,,,http://digitallibrary.utah.gov/awweb/pdfopener?sid=37C772A214A8CBE93E6014190295BEC5&did=60000&fl=%2Fpublications%2Frm001262.pdf#toolbar=0,2010 Utah Wolf Recovery Plan
,,,,https://collections.lib.utah.edu/details?id=484202,Scenery in Arches National Park
,,,,https://collections.lib.utah.edu/details?id=484044,Delicate Arch rock formation in Arches National Park
,,,,https://collections.lib.utah.edu/details?id=1086781,Two workers digging around exposed fossils at Dinosaur National Monument.
Early People of Utah,Petroglyphs,,https://collections.lib.utah.edu/details?id=436801,,Ancient petroglyphs of Utah
,,,,https://collections.lib.utah.edu/details?id=1089853,Petroglyphs
,,,,https://collections.lib.utah.edu/details?id=401338,"Petroglyphs--Dry Fork, Utah"
,,,,https://collections.lib.utah.edu/details?id=401316,Petroglyph panel 60 (P60) is located on the McConkie Ranch in Dry Fork Canyon
,,,,https://collections.lib.utah.edu/details?id=436789,Petroglyphs
,,,,https://collections.lib.utah.edu/details?id=436790,Indian Petroglyphs
,Hunter-Gatherers,,http://digitallibrary.utah.gov/awweb/pdfopener?sid=8B5F1877EB814C0DA0536DA2DA50A998&did=47221&fl=%2Fpublications%2Fdc030759.pdf#toolbar=0,,Aboriginal hunter-gatherers
,,,,https://collections.lib.utah.edu/details?id=420174,Article on ancient mound grains
,,,,http://digitallibrary.utah.gov/awweb/main.jsp?flag=collection&smd=1&cl=all_lib&lb_document_id=77212&tm=1517946729266,Tracking ancient artifacts video
,,,,http://digital.denverlibrary.org/cdm/ref/collection/p15330coll22/id/37221,Indians of North America--Antiquities & archaeological sites--1880-1910.
,Archiac Natives,Fremont,https://collections.lib.utah.edu/details?id=436897,,Ancient ruins of the Fremont Indians
,,,,https://collections.lib.utah.edu/details?id=436896,"Ancient ruins of Pit-house, before being cleared of rock. Zion Park, Utah"
,,,,https://collections.lib.utah.edu/details?id=124284,"Relic of prehistoric Indians. Probably Fremont Indian, collected by Ephraim Pectol in Capitol Reef area"
,,,,https://collections.lib.utah.edu/details?id=124806,"Fremont culture in Wayne County, Utah"
,,Anasazi,https://collections.lib.utah.edu/details?id=436869,,Ancient ruins of the Anasazi Indians
,,,,https://collections.lib.utah.edu/details?id=972503,"Photo shows the ruins of an ancient Indian dwelling, probably located somewhere in San Juan County, Utah"
,,,,https://collections.lib.utah.edu/details?id=437373,"Prehistoric basket, found in an Anasazi Ruin."
,,,,http://digital.lib.usu.edu/cdm/ref/collection/barretoelke/id/881,"Anasazi dwelling in Blanding, Utah, showing the top of an Anasazi dwelling with a rooftop entrance."
,,,,https://collections.lib.utah.edu/details?id=437345,"Excavations at Westwater Ruin. Located in Blanding, Utah."
,,,,http://digitallibrary.utah.gov/awweb/pdfopener?sid=276409FA6050B94A534854B14FF0177F&did=45936&fl=%2Fpublications%2Fdc029561.pdf#toolbar=0,Excavation of two Anasazi sites in southern Utah
,Native Tribes,Paiute,https://collections.lib.utah.edu/details?id=449857,,Paiute Indians
,,,,https://collections.lib.utah.edu/details?id=508764,"Various bands of Paiute Indians in conference with the U.S. Commission, 1873."
,,,,https://collections.lib.utah.edu/details?id=449879,Paiute Indians
,,,,http://contentdm.library.unr.edu/cdm/ref/collection/spphotos/id/2197,Photograph of a group of Paiute Indians.
,,,,https://collections.lib.utah.edu/details?id=449871,Paiute Wickiups
,,,,http://digital.denverlibrary.org/cdm/ref/collection/p15330coll22/id/25683,Native American (Paiute) man sits cross legged and holds a rifle; tepee and wagon in background.
,,Ute,https://collections.lib.utah.edu/details?id=508770,,Ute Indians
,,,,https://collections.lib.utah.edu/details?id=449906,Ute Indians
,,,,https://collections.lib.utah.edu/details?id=449908,Ute Indians
,,,,https://collections.lib.utah.edu/details?id=362123#contents,A Navajo agent asks the Southern Ute agent to prevent Utes from entering the borders of the Navajo reservation
,,,,https://collections.lib.utah.edu/details?id=358863,"Map of Indian Reservation in the West from 1929. Includes ""Utah Indians"", Cheyenne, and Sioux"
,,,,https://collections.lib.utah.edu/details?id=982072,Photograph of a Ute Indians
,,,,https://collections.lib.utah.edu/details?id=508768,A young warrior and his dog.
,,,,https://collections.lib.utah.edu/details?id=1051920#contents,"Manuscript (1945), a student paper giving a brief history of the Ute Indians and their relations with white people"
,,,,https://collections.lib.utah.edu/details?id=380308#contents,"This document provides an account of the demographics of the White River Indians, including ages, names, and gender"
,,,,https://collections.lib.utah.edu/details?id=361661#contents,"Ute Treaty, 1868, as addressed by President Andrew Jackson"
,,Shoshone,https://collections.lib.utah.edu/details?id=450039,,Shoshone Indians
,,,,https://collections.lib.utah.edu/details?id=450080,Indians in dancing costumes
,,,,https://collections.lib.utah.edu/details?id=450062,"Chief ""Little Soldier"" Weber Ute."
,,,,https://collections.lib.utah.edu/details?id=450143,Schoolhouse at Washakie.
,,,,http://digital.denverlibrary.org/cdm/ref/collection/p15330coll22/id/34421,"Chief Tendoy III, a Native American (Shoshone) man, shakes hands with A. C. Hinckley a representative of the Union Pacific Railway( from Pocatello, Idaho) in Fort Hall, Idaho"
,,,,https://collections.lib.utah.edu/details?id=366617#contents,Statistics of education for Shoshone Indians at Fort Bridger
,,,,https://collections.lib.utah.edu/details?id=363611#contents,"United State's Government Treaty with the Northwestern Band of Shoshone, July 13, 1863, as addressed by President Abraham Lincoln"
,,Goshute,https://collections.lib.utah.edu/details?id=508744,,Gosiute Indians
,,,,https://collections.lib.utah.edu/details?id=423092,Article on WWI draft resistance by Goshute indians
,,,,https://collections.lib.utah.edu/details?id=391060,This is a map of the traditional territory of the Goshute Indians
,,,,https://collections.lib.utah.edu/details?id=358848,Retells the story of the creation of the Deep Creek Mountains by Mother Hawk after Coyote steals her breakfast.
,,,,https://collections.lib.utah.edu/details?id=367682#contents,"Bill of goods, specifically guns and ammunition for Goshute and Shoshone Indians"
,,,,https://collections.lib.utah.edu/details?id=363511#contents,Treaty with the Shoshoni-Goship 1863
,,Navajo,https://collections.lib.utah.edu/details?id=449840,,Navajo Indians
,,,,https://collections.lib.utah.edu/details?id=449651,Navajo Indians; Hogans; Monument Valley
,,,,https://collections.lib.utah.edu/details?id=449800,Navajo Celebrations/Ceremonials
,,,,https://collections.lib.utah.edu/details?id=449808,Navajo Indian Reservation
,,,,https://collections.lib.utah.edu/details?id=449862,Navajo Handicrafts/Weaving
,,,,https://collections.lib.utah.edu/details?id=361527#contents,"A map depicting the various boundaries of the Navajo Indian Reservations in Arizona, Utah, and New Mexico"
,,,,https://collections.lib.utah.edu/details?id=362156#contents,"Navajo Agent John H. Bowman reports the conditions on the Navajo Reservation. Bowman reports that the Navajos have been peaceful and relatively unaffected by disease. Bowman also describes livestock, agriculture, education, the reservation police"
,,Apache,https://collections.lib.utah.edu/details?id=450026,,Apache Indians
,,,,https://collections.lib.utah.edu/details?id=450035,Native American Dwellings
,,,,https://collections.lib.utah.edu/details?id=450029,Apache Indian-Dwellings
,,,,https://oregondigital.org/catalog/oregondigital:df713k09p,"Mrs. Holli-quilla and daughter, Warm Springs Indians, in regalia."
,,,,https://collections.lib.utah.edu/details?id=124206,Geronimo
,,Uintah,https://collections.lib.utah.edu/details?id=387450,,Uintah Indians
,,,,https://collections.lib.utah.edu/details?id=358872,"Department of the Interior General Land Office William A Richards, Commissioner Part of Uinta Indian Reservation Utah To be disposed of under Act of March 3, 1905 and Presiden't Proclamation dated July 14, 1905."
,,,,https://collections.lib.utah.edu/details?id=982064,"Photo showing Wilbur Cuch, France McKinley, and Rudolph Nephi working on land status maps for the Uintah and Ouray Indian Reservation, Fort Duchesne, Utah"
,,,,https://collections.lib.utah.edu/details?id=387428,American Indians pose for a photo
,,,,https://collections.lib.utah.edu/details?id=358635,Map of the Uintah Indian Reservation in 1903. Includes the three seperate Band divisions and the larger tribal lands
Dominquez-Escalante,,,https://collections.lib.utah.edu/details?id=1093339,,Escalante Exploration
,,,,https://collections.lib.utah.edu/details?id=1093337,"On 13 September 1776 Fray Francisco Atanasio Dominguez and Fray Silvestre de Escalante crossed the Green River at about the location of this marker in Jensen, Utah"
,,,,https://collections.lib.utah.edu/details?id=192104,Thesis on the role of indigenous people in the Spanish frontier
,,,,https://collections.lib.utah.edu/details?id=450483,Escalante Route Map
Trappers & Mountain Men,,,https://collections.lib.utah.edu/details?id=447812,,"Western explorers, trappers, and traders"
,,,,https://collections.lib.utah.edu/details?id=1149226#contents,"An account of Ewing Young's party of trappers, who in 1831 journeyed from New Mexico to California, trapping along the Salt and Verde rivers in Arizona"
,,,,https://collections.lib.utah.edu/details?id=430480,James Bridger (1804-1881)
,,,,https://collections.lib.utah.edu/details?id=359420,"Map depicting the forts in Wyoming, Colorado, and Utah; also shows the trails taken by Ogden, the Santa Fe Trail, and the Old Spanish Trail"
,,,,https://collections.lib.utah.edu/details?id=529495,Hudson Bay Fur
,,,,https://collections.lib.utah.edu/details?id=450487,Peter Skene Ogden's Fur Trappers route.
,,,,http://digital.lib.usu.edu/cdm/ref/collection/p16944coll6/id/33,"Lewiston Fur & Hardware Co. store and Lewiston State Bank on the corner of Lewiston (Utah) Main Street, circa 1905-1925"
,,,,https://collections.lib.utah.edu/details?id=443319,This is the Place Monument
,,,,https://collections.lib.utah.edu/details?id=309620#contents,"Memoir of Zenas Leonard of Clearfield County, Pennsylvania, who spent over five years in the American West serving as clerk for a Saint Louis-based fur company."
Government Explorers,,,https://collections.lib.utah.edu/details?id=392435,,Famous explorers of the American West
,,,,https://collections.lib.utah.edu/details?id=432087,Dr. William Lee accompanied Capt. Simpson on his expedition to Carson City in 1859.
,,,,https://collections.lib.utah.edu/details?id=432679,Walter Clement Powell was a member of John Wesley Powell's Expedition from 1871-1872.
,,,,https://collections.lib.utah.edu/details?id=432600,Zebulon Montgomery Pike (1779-1813) was an explorer who is known for exploring the southwest at the time Lewis and Clark were exploring the northwest. Pike's Peak is named for him.
,,,,https://collections.lib.utah.edu/details?id=433065,"Silas Sanford Smith was an LDS Bishop in Provo, a missionary, and early Utah explorer."
,,,,https://collections.lib.utah.edu/details?id=432686,"John Wesley Powell (1834-1902) was a soldier who lost his arm in the Civil War, a geology professor, American Indian expert, western conservation advocate, and an explorer whose most famous expedition was a 900-mile journey on the Green and Colorado Rivers."
,,,,https://collections.lib.utah.edu/details?id=432668,John Wesley Powell
,,,,https://collections.lib.utah.edu/details?id=431262,"John Charles Fremont (1813-1890) was an explorer and surveyor of the West, including many areas of Utah."
,,,,https://collections.lib.utah.edu/details?id=421308,"Gunnison masacre 1853, Millard county, Utah, Indian mareer's version of the tragedy, 1894"
,,,,http://digital.library.unlv.edu/objects/LV_Maps/500,"Map of California, Utah, Nevada, Colorado, New Mexico and Arizona, 1864"
,,,,http://digitallibrary.utah.gov/awweb/main.jsp?flag=browse&smd=1&awdid=3,"John Wesley Powell : soldier, explorer, scientist"
,,,,http://digitallibrary.utah.gov/awweb/pdfopener?sid=9B0644DB4A000F0FA188461AD4CB8C1B&did=81775&fl=%2Fpublications%2Fpdf%2Fdc056281.pdf#toolbar=0,John Wesley Powell Geological Survey
,,,,https://collections.lib.utah.edu/details?id=318313#contents,"Exploration of the Colorado River of the West and Its Tributaries Explored in 1869, 1870, 1871, and 1872, Under the Direction of the Secretary of the Smithsonian Institution."
,,,,https://collections.lib.utah.edu/details?id=308015#contents,"History of the explorations of the canyons of the Colorado [May 24-Sept. 20, 1869]"
,,,,http://digitallibrary.utah.gov/awweb/pdfopener?sid=9B0644DB4A000F0FA188461AD4CB8C1B&did=33853&fl=%2Fpublications%2Farchive%2Fdc019226.pdf#toolbar=0,Publication of Beehive History
Mormon Migration (1830-1850),,,https://collections.lib.utah.edu/details?id=1041789,,The Mormon Pioneers
,,,,https://collections.lib.utah.edu/details?id=408854,A group of early pioneers is pictured
,,,,http://contentdm.li.suu.edu/cdm/ref/collection/DUP/id/382,Early pioneers in Cedar City.
,,,,https://collections.lib.utah.edu/details?id=393676,Group of Ashley Valley pioneers.
,,,,https://collections.lib.utah.edu/details?id=436723,The Book of the Pioneers is a record of all pioneers who arrived in the Salt Lake Valley in 1847.
,,,,https://collections.lib.utah.edu/details?id=436725,The interior page of The Book of the Pioneers.
,,,,http://contentdm.lib.byu.edu/cdm/ref/collection/DUP/id/249,"Pioneers of 1847 at Jubilee in Salt Lake City, 24 July 1897"
,,,,http://contentdm.lib.byu.edu/cdm/ref/collection/Savage/id/1203,Pioneers
,,,,http://contentdm.lib.byu.edu/cdm/ref/collection/GEA/id/13818,Large group of 1847 pioneers in front of the Salt Lake Temple.
,,,,http://contentdm.lib.byu.edu/cdm/ref/collection/DUP/id/241,"Route of the Mormon Pioneers from Nauvoo, Ill. to Salt Lake City, Utah; Drawn by artist JohnHafen."
,,,,https://collections.lib.utah.edu/details?id=983784,Group of wagons and pioneers
,,,,https://collections.lib.utah.edu/details?id=450642,"Wagon train assembled (or camped) in the area of Coalville, 1863."
,,,,http://contentdm.lib.byu.edu/cdm/ref/collection/MMD/id/60597,"Handwritten autobiography, diaries, and typewritten and handwritten correspondence."
,,,,http://contentdm.uvu.edu/cdm/ref/collection/PIYA/id/181,Journal of Pioneer Company Number Five
,,,,https://collections.lib.utah.edu/details?id=436719,"Frontpiece from book entitled The Emigrants Guide to Oregon & California, 1845"
,,,,http://contentdm.lib.byu.edu/cdm/ref/collection/RelEd/id/7515,"""Eyes Westward"" statue of Joseph Smith and Brigham Young on the banks of the Mississippi"
,,,,https://collections.lib.utah.edu/details?id=433934,Brigham Young
,,,,https://collections.lib.utah.edu/details?id=450568,U.S. Pioneer Trails & Landmarks
Territorial & Statehood Utah (1850-1900),Everyday Life,,http://contentdm.lib.byu.edu/cdm/ref/collection/Camp/id/302,,Life in Territorial Utah
,,,,http://contentdm.lib.byu.edu/cdm/ref/collection/OTImages/id/67,"Photograph of a street map of Salt Lake City called Plat of Salt Lake City, Utah. A street map, showing the blocks and divisions of blocks in the downtown Salt Lake City area produced in the late 1860's by E. Martin, Photographer, East Temple Street, Salt Lake City, Utah Territory."
,,,,http://digitallibrary.utah.gov/awweb/pdfopener?sid=37C772A214A8CBE93E6014190295BEC5&did=33961&fl=%2Fpublications%2Farchive%2Fdc019301.pdf#toolbar=0,Publication of Beehive History
,,,,http://contentdm.lib.byu.edu/cdm/ref/collection/ProvoPhoto/id/390,"A man, women, and children are standing in front of an early mill in Provo"
,,,,http://contentdm.lib.byu.edu/cdm/ref/collection/Camp/id/316,"View of South-West Salt Lake City, where Heber C. Kimball resided."
,,,,http://contentdm.lib.byu.edu/cdm/ref/collection/Camp/id/308,"Taken in front of the W.Jennings General Store, with the Overland Mail Ofiice to the right.Covered Wagons and men are in front of the General Store."
,,,,http://contentdm.lib.byu.edu/cdm/ref/collection/SCMisc/id/57414,Brief handwritten autobiography
,,,,http://contentdm.lib.byu.edu/cdm/ref/collection/Savage2/id/1797,"View of Walker House and Triune Bakery, Salt Lake City, Utah."
,,,,https://collections.lib.utah.edu/details?id=910320,"Transcripts of local newspaper articles and journal entries about the founding of various businesses, institutions, and organizations in Salt Lake City"
,,,,https://collections.lib.utah.edu/details?id=443635,Pioneer Business Enterprise of Brigham City.
,,,,http://contentdm.lib.byu.edu/cdm/ref/collection/NCMP1820-1846/id/17393,Proclamation by the Governor.
,,,,http://contentdm.lib.byu.edu/cdm/ref/collection/RelEd/id/3000,"The Red Stocking Baseball team, Utah Territorial Champions August 1877. Heber J. Grant middle of second row."
,Education,Public Schools,https://collections.lib.utah.edu/details?id=87970,,Late 19th century public schools
,,,,https://cdm.weber.edu/cdm/ref/collection/WSC_CH/id/639,"This monograph depicts the role the LDS church and its leaders played in founding the school, the background of its first educators and administrators and the financial challenges they confronted in operating the school from 1889 through 1894."
,,,,http://contentdm.lib.byu.edu/cdm/ref/collection/RelEd/id/6567,Brigham Young Academy about the time of its dedication under the administration of Wilford Woodruff. The building was dedicated in 1892.
,,,,http://contentdm.lib.byu.edu/cdm/ref/collection/GEA/id/3301,"A photograph, taken outdoors, of a large group of young men and young women totaling 41standing and sitting on the ground in front of a building near some needle-leafed trees."
,,,,http://digital.lib.usu.edu/cdm/ref/collection/p16944coll9/id/68,"William and Elizabeth Palmer home, used as the 1st school in North Logan"
,,Colleges & Universities,http://digital.lib.usu.edu/cdm/ref/collection/USU_Photos/id/112,,"Campus view of Agricultural College of Utah in Spring, 1892."
,,,,http://contentdm.lib.byu.edu/cdm/ref/collection/Savage2/id/1164,View of apparatus room in Science Building at the University of Utah.
,,,,http://contentdm.lib.byu.edu/cdm/ref/collection/Savage2/id/1015,View of Deseret Museum at the University of Utah.
,,,,http://contentdm.lib.byu.edu/cdm/ref/collection/BYUPhotos/id/91,Brigham Young University class of 1891
,,,,http://digital.lib.usu.edu/cdm/ref/collection/USU_Photos/id/521,"College Band, 1894. Chief musician R.L. Sweeten is shown center of back row, with moustache; Sergeant J. W. Welsh is in back row, extreme right."
,,,,http://contentdm.lib.byu.edu/cdm/ref/collection/Savage2/id/940,Faculty of L.D.S. College [ca. 1896]
,,,,http://contentdm.lib.byu.edu/cdm/ref/collection/Savage2/id/1694,View of the Catholic school on East Second South Street in Salt Lake City.
,,,,http://contentdm.lib.byu.edu/cdm/ref/collection/BYUPhotos/id/121,"This was a group of students in the Normal College in 1892, including Alonzo Hinckley, left; Louise Keller Cherry, unidentified, unidentified, O. W. Andelin, Bryant S. Hinckley, IdaAlleman Taylor, Wilford McKendrick, F. M. Warner, Cora Groesbeck Snow."
,Holidays,,http://contentdm.lib.byu.edu/cdm/ref/collection/GeorgeBeard/id/694,,Three young girls posing with new dolls in front of Christmas tree.
,,,,http://contentdm.lib.byu.edu/cdm/ref/collection/GeorgeBeard/id/967,Easter parade participants in river
,,,,https://collections.lib.utah.edu/details?id=432962,Charles R. Savage (1832-1909) was a pioneer photographer. Image shows Savage on Christmas in the early 1900's.
,,,,http://contentdm.lib.byu.edu/cdm/ref/collection/Savage2/id/231,"Photograph of float representing the Pony Express and the Overland Stage in the Pioneer Day Parade, 1897."
,,,,http://contentdm.lib.byu.edu/cdm/ref/collection/Savage2/id/434,"Photograph of Bannock Indians in the Pioneer Day Parade, 1897. Sign reads: This band of indians in the ghost dance, war dance, grisley bear dance at fair ground 2:30 today."
,,,,http://contentdm.lib.byu.edu/cdm/ref/collection/Savage2/id/227,"Photograph of unidentified people marching in the Pioneer Day Parade, 1897."
,,,,http://contentdm.lib.byu.edu/cdm/ref/collection/Savage2/id/433,Photograph of float featuring a winged horse emerging from a grotto in the Pioneer Day Parade
,,,,http://contentdm.lib.byu.edu/cdm/ref/collection/Savage2/id/221,"Photograph of dragon float in the Pioneer Day Parade, 1897"
,Railroads,,http://contentdm.lib.byu.edu/cdm/ref/collection/Savage/id/759,,A group shot of workers at Promontory Point for the joining of the rails
,,,,https://collections.lib.utah.edu/details?id=443158,Union Pacific Railroad Station
,,,,https://collections.lib.utah.edu/details?id=450567,Route of the Union Pacific Railroad and branch lines
,,,,http://digital.lib.usu.edu/cdm/ref/collection/p16944coll7/id/104,John Crookston inspected the tracks for fallen rocks or for any other possible danger that would cause harm to the steam locomotives traveling along the tracks. The tracks through Bear River Canyon were patrolled on a daily 24 hour schedule.
,,,,http://contentdm.lib.byu.edu/cdm/ref/collection/Jackson/id/3923,A photograph of men in riding on the railroad in self propelled vehicles
,,,,https://collections.lib.utah.edu/details?id=440174,Union Pacific Railroad -Construction Employees
,,,,https://collections.lib.utah.edu/details?id=440192,Locomotive
,,,,https://collections.lib.utah.edu/details?id=443184,"Union Pacific Railroad Station-Wasatch, Utah"
,,,,https://collections.lib.utah.edu/details?id=440138,"Tunnel #2, head of Echo Canyon, Utah, during construction of Union Pacific Railroad"
,,,,https://collections.lib.utah.edu/details?id=440275,"Union Pacific Railroad Officials at Echo, Utah"
,,,,https://collections.lib.utah.edu/details?id=525356,"Railroad Tracks, Great Salt Lake"
,,,,http://contentdm.lib.byu.edu/cdm/ref/collection/Savage/id/758,A throng of people and horses at Promontory Point for the joining of the rails
,,,,https://collections.lib.utah.edu/details?id=440191,Union Pacific Railroad
,,,,http://contentdm.lib.byu.edu/cdm/ref/collection/Savage/id/757,A group shot of railroad workers at Promontory Point at the joining of the rails
,,,,http://contentdm.lib.byu.edu/cdm/ref/collection/Jackson/id/4321,"Promontory Point- The flag marks the point where the Union Pacific and Central Pacific lineswere joined on May 10, 1869."
,Mining Towns,,https://collections.lib.utah.edu/details?id=438052,,Mining
,,,,https://collections.lib.utah.edu/details?id=531477,A general view of part of the Bingham Canyon mining area
,,,,https://collections.lib.utah.edu/details?id=438046,Miners
,,,,https://collections.lib.utah.edu/details?id=438030,Miners pose with machinery
,,,,https://collections.lib.utah.edu/details?id=453151,"Mercur, Utah"
,,,,https://collections.lib.utah.edu/details?id=453459,"Park City, Utah"
,,,,https://collections.lib.utah.edu/details?id=453852,"Standardville, Utah"
,,,,https://collections.lib.utah.edu/details?id=453433,"Park City, Utah"
,,,,https://collections.lib.utah.edu/details?id=453388,"Ophir, Utah"
,,,,https://collections.lib.utah.edu/details?id=454021,"Winter Quarters, Utah"
,,,,https://collections.lib.utah.edu/details?id=453788,"Silver Reef, Utah"
,,,,https://collections.lib.utah.edu/details?id=453873,"Stockton, Utah"
,,,,https://collections.lib.utah.edu/details?id=453087,"Mercur, Utah"
,,,,https://collections.lib.utah.edu/details?id=452603,"Clear Creek, Utah"
,,,,https://collections.lib.utah.edu/details?id=452438,"Bingham Canyon, Utah"
,,,,https://collections.lib.utah.edu/details?id=452754,"Eureka, Utah"
,,,,http://digitallibrary.utah.gov/awweb/main.jsp?flag=browse&smd=1&awdid=3,Mining Utah's heritage : the story of mining in Utah
,Immigrants,"Iosepa, Utah",https://collections.lib.utah.edu/details?id=452868,,Graves at Iosepa Cemetery. Iosepa was a Hawaiian community settled in 1889 and abandoned by 1917
,,,,https://collections.lib.utah.edu/details?id=452875,"Musical group, ""Iosepa Troubadors."""
,,,,https://collections.lib.utah.edu/details?id=452874,"Iosepa residents celebrating Pioneer Day, 1914."
,,"Clarion, Utah",https://collections.lib.utah.edu/details?id=452588,,Jewish grave site at Clarion. The Jewish Agricultural and Colonial Association of Philidelphia purchsed six thousand acres from the Utah State Land Board in 1911 that included Clarion. Crop failures caused most settlers to leave by 1917.
,,,,https://collections.lib.utah.edu/details?id=706528,"The history of the Jewish agricultural colony at Clarion, Utah, presented by Robert A. Goldberg"
,,,,https://collections.lib.utah.edu/details?id=452589,Lieberman home and the well which served the whole Clarion colony
,,,,https://collections.lib.utah.edu/details?id=430529,"Benjamin Brown, seen at age 30, served as leader of the Clarion Colony in Sanpete County, Utah"
,,Mormon and other immigrants,https://collections.lib.utah.edu/details?id=431450,,"Isaac C. Haight, wearing a rabbit fur hat, was an LDS Church leader in charge of the overland journey of British immigrants coming to Utah in 1853"
,,,,https://collections.lib.utah.edu/details?id=308920#contents,"Washington territory: The great North-west, her material resources, and claims to emigration"
,,,,https://collections.lib.utah.edu/details?id=431239,John Erik Forsgren served in the Mormon Battalion and led the Forsgren Company of Scandinavion immigrants to Utah in 1853.
,,,,https://collections.lib.utah.edu/details?id=436719,"Emigrants Guide to Oregon & California, 1845"
,,,,https://collections.lib.utah.edu/details?id=460011,Sing Sun & Co. Chinese Merchandise
,Newspapers,Salt Lake Tribune,https://collections.lib.utah.edu/details?id=508703,,Salt Lake Tribune
,,,,https://collections.lib.utah.edu/details?id=434479,Salt Lake Tribune
,,,,https://collections.lib.utah.edu/details?id=530764,Salt Lake Tribune Reporter's Room
,,,,http://digitallibrary.utah.gov/awweb/pdfopener?sid=37C772A214A8CBE93E6014190295BEC5&did=34715&fl=%2Fpublications%2Farchive%2Fdc019904.pdf#toolbar=0,A history of the Salt Lake Tribune
,,Deseret News,https://collections.lib.utah.edu/details?id=457579,,Deseret News
,,,,https://collections.lib.utah.edu/details?id=380610#contents,"Deseret News Article dated October 26, 1854"
,,,,https://collections.lib.utah.edu/details?id=380822#contents,"Deseret News Article dated October 31, 1869"
,,,,https://collections.lib.utah.edu/details?id=457630,Deseret News interior
,,,,https://collections.lib.utah.edu/details?id=457452,Linotype machines
,,The Territorial Enquirer,http://contentdm.lib.byu.edu/cdm/ref/collection/DE1/id/106761,,The enquirer was published semiweekly until 1891 when it was published daily (except Sun. and holidays)
,,,,http://contentdm.lib.byu.edu/cdm/ref/collection/DE1/id/1871,The Daily Enquirer Newspaper 1889-04-19
,,,,http://contentdm.lib.byu.edu/cdm/ref/collection/DE1/id/107372,The Daily Enquirer Newspaper 1887-03-18
,,,,http://contentdm.lib.byu.edu/cdm/ref/collection/DE1/id/117466,The Daily Enquirer Newspaper 1888-01-24
,,The Standard Examiner,https://collections.lib.utah.edu/details?id=436722,,"Headlines from the Ogden Standard Examiner announcing Statehood for Utah, 1896"
,,,,https://collections.lib.utah.edu/details?id=434289,Ogden Standard Examiner
,,The Daily Union Vedette,https://collections.lib.utah.edu/details?id=436708,,Fort Douglas newspaper
,,The Tooele Transcript,https://collections.lib.utah.edu/details?id=434673,,Tooele Transcript
,,The Business Journal,http://contentdm.lib.byu.edu/cdm/ref/collection/BYUPhotos/id/128,,"The official publication of the Commercial College was ""The Business Journal"" started in 1891."
,The Pony Express,,https://collections.lib.utah.edu/details?id=454836,,"The first pony express reached Salt Lake City April 7, 1860, having left St. Joseph, Missouri, April 3rd. Photograph of drawing"
,,,,https://collections.lib.utah.edu/details?id=454776,"A pony express rider en route across western Utah, in 1860. Photograph of drawing"
,,,,http://digitallibrary.utah.gov/awweb/pdfopener?sid=37C772A214A8CBE93E6014190295BEC5&did=74254&fl=%2Fag000148-ag000189%2Fjpg%2Fag000168.jpg,State sign for the Pony Express Trail
,,,,http://digitallibrary.utah.gov/awweb/pdfopener?sid=37C772A214A8CBE93E6014190295BEC5&did=74253&fl=%2Fag000148-ag000189%2Fjpg%2Fag000167.jpg,Pony Express monument
,,,,https://collections.lib.utah.edu/details?id=443066,Pony Express Station at Faust
,,,,https://collections.lib.utah.edu/details?id=443064,"Pony Express Station-Echo Canyon, Utah"
,,,,https://collections.lib.utah.edu/details?id=450800,Pony Express Trail
,,,,https://collections.lib.utah.edu/details?id=443071,Pony Express Station-Fish Springs
,,,,http://digitallibrary.utah.gov/awweb/pdfopener?sid=37C772A214A8CBE93E6014190295BEC5&did=74234&fl=%2Fag000148-ag000189%2Fpdf%2Fag000148.pdf#toolbar=0,Story of the Pony Express Trail
,,,,http://digitallibrary.utah.gov/awweb/pdfopener?sid=37C772A214A8CBE93E6014190295BEC5&did=45911&fl=%2Fpublications%2Fdc029537.pdf#toolbar=0,The Pony Express Stations of Utah in Historical Perspective
,"Polygamy, Federal Laws, & Manifesto",,,https://collections.lib.utah.edu/details?id=449029,"""Bringing Home a New Wife,"" a cartoon from the Famous Rose Collection of old time photographs"
,,,,https://collections.lib.utah.edu/details?id=433900,"Ann Eliza Webb Young was a polygamous wife of LDS Church president Brigham Young, who later divorced Young and spoke out against polygamy"
,,,,http://contentdm.lib.byu.edu/cdm/ref/collection/RelEd/id/3883,The Manifesto
,,,,http://digitallibrary.utah.gov/awweb/pdfopener?sid=37C772A214A8CBE93E6014190295BEC5&did=65649&fl=%2Fpublications%2Frm001868.pdf#toolbar=0,Constitution of the State of Utah
,,,,http://digitallibrary.utah.gov/awweb/pdfopener?sid=37C772A214A8CBE93E6014190295BEC5&did=51919&fl=%2Fpublications%2Frm000681.pdf#toolbar=0,Protest of citizens of the state of Utah to the United States Senate
,,,,http://digitallibrary.utah.gov/awweb/pdfopener?sid=37C772A214A8CBE93E6014190295BEC5&did=51946&fl=%2Fpublications%2Frm000685.pdf#toolbar=0,Speech of Hon. Albert J . Beveridge about Reed Smoot
,,,,http://digitallibrary.utah.gov/awweb/main.jsp?flag=browse&smd=1&awdid=1,Contents of testimony taken before the Committee on Privileges and Elections of the United State Senate in the matter of the protests against the right of Hon. Reed Smoot a senator from the State of Utah to hold his seat
,Business,,http://contentdm.lib.byu.edu/cdm/ref/collection/Savage/id/1054,,A city block of office buildings
,,,,https://collections.lib.utah.edu/details?id=1002533,"Salt Lake City, Utah, Z. C. M. I."
,,,,https://collections.lib.utah.edu/details?id=1002516,"Salt Lake City, Utah, Main Street"
,,,,https://collections.lib.utah.edu/details?id=1002520,"Salt Lake City, Utah, unloading goods"
,,,,https://collections.lib.utah.edu/details?id=457823,The Merchant's Exchange
,,,,https://collections.lib.utah.edu/details?id=1002558,Rocky Mountain Power Company
,Cowboys,,http://library.centerofthewest.org/cdm/ref/collection/MS047/id/0,,"William F. Cody aka ""Buffalo Bill"""
,,,,http://library.centerofthewest.org/cdm/ref/collection/p17097coll60/id/27,A photograph of a Mexican Vaquero wearing a sombrero and an embroidered jacket. A tent and a town is in the background
,,,,http://contentdm.lib.byu.edu/cdm/ref/collection/GEA/id/11955,A boy wearing chaps and a gun belt is sitting on a horse with a rope on the saddle horn
,,,,http://library.centerofthewest.org/cdm/ref/collection/p17097coll11/id/333,"Sitting Bull wearing full regalia and William F. Cody wearing Wild West show attire, both holding firearm against the floor"
,,,,http://library.centerofthewest.org/cdm/ref/collection/MS007/id/45,Letter from William F. Cody to Elizabeth Custer regarding Custer monument
,,,,http://library.centerofthewest.org/cdm/ref/collection/p17097coll65/id/509,"Newspaper clippings and illustrations related to Buffalo Bill's Wild West in Rome, Italy"
,Conflict,Battle Creek,https://collections.lib.utah.edu/details?id=391419#contents,,"This letter from L.P. Hoyt to Brigham Young disscussed the difficulties of establishing a legislature for Fillmore City, including the Gunnison Massacre and his desire to bring those Indians involved ""to justice."""
,,Walker War,https://collections.lib.utah.edu/details?id=359414,,This map depicts the sites of conflict during the Walker War and towns and forts located along the Wasatch Mountains
,,,,https://collections.lib.utah.edu/details?id=1051654#contents,"Manuscript of a poem written by Lieutenant George Wheeler, a participant in the ""Walker [or Walkara] War"" in 1853-54"
,,,,https://collections.lib.utah.edu/details?id=422642,Article taken from Utah Historical Quarterly Volume XLVII
,,,,http://contentdm.lib.byu.edu/cdm/ref/collection/DUP/id/284,"Davis Clark was born 5 July 1832 to John W. and Maria Burr Clark in Haddam, Middlesex, Connecticut. He came to Utah 24 Sept 1851; married Georgiana Spence 6 Oct 1856; fought in the Walker Indian War; died in Springville, Utah 5 July 1905"
,,,,http://contentdm.lib.byu.edu/cdm/ref/collection/BYUPhotos/id/59,"The wall had a rock foundation 18 inches thick, a height of 12 to 14 feet, a base width of 4 to 6 feet, and a topwidth of 2 feet, reinforced with poles and planks within. There were portholes and otherarrangements for defense. Work went on for about two years, during which time the west and south sides and part of the north side were completed. As the danger of Indian attack grew less, work was discontinued. The wall remained standing a number of years but has sincedisappeared."
,,,,https://collections.lib.utah.edu/details?id=380505#contents,"Governor Brigham Young issues a proclamation in light of conflict with the Indians. He advises the White settlers to, among other things, defend themselves and avoid trading with the Indians"
,,Bear River Massacre,https://collections.lib.utah.edu/details?id=449704,,"Bear River Battle, also known as Bear River massacre, took place in 1863."
,,,,https://collections.lib.utah.edu/details?id=450463,Battle of Bear River map
,,,,https://collections.lib.utah.edu/details?id=422186,Article taken from Utah Historical Quarterly Volume LXIII
,,,,http://digitallibrary.utah.gov/awweb/pdfopener?sid=404EFDBBDEC22D91FBA9F7CBF00203C9&did=83997&fl=%2Fpublications%2Fpdf%2Farchive%2Frm006555.pdf#toolbar=0,Final special resource study environmental assessment : Bear River Massacre site
,,Black Hawk War,http://contentdm.lib.byu.edu/cdm/ref/collection/GEA/id/8126,,"Black Hawk gentlemen (Indian War Veterans), Lehi [Utah]"
,,,,https://collections.lib.utah.edu/details?id=359417,"Map showing the towns, Indian reservations, Deseret telegraph, and forts along the Wasatch mountains at the time of the Black Hawk War 1865-72"
,,,,https://collections.lib.utah.edu/details?id=422837,Article taken from Utah Historical Quarterly Volume LV
,,,,https://collections.lib.utah.edu/details?id=422729,Article taken from Utah Historical Quarterly Volume LVII
,,,,https://collections.lib.utah.edu/details?id=454759,Group of men (possibly Black Hawk War veterans) standing near carriage
,,,,https://collections.lib.utah.edu/details?id=442628,"Brown, Charles-Gravestone"
,,,,http://contentdm.lib.byu.edu/cdm/ref/collection/HuntBag/id/2723,Black Hawk Veterans
,,Utah War,https://collections.lib.utah.edu/details?id=450497,"Johnston's route of ""invasion"" of Utah territory, 1857-58",
,,,,https://collections.lib.utah.edu/details?id=363743#contents,Indian Agent Garland Hunt documents his escape from Utah to the U.S. military forces ascending on the Territory at the beginning of the Utah War
,,Camp Floyd & Fort Douglas,https://collections.lib.utah.edu/details?id=438186,,"Camp Floyd, Utah Territory"
,,,,https://collections.lib.utah.edu/details?id=438188,"A group of Utah Indians, including Arrapene (Sinnearoach), the Head Chief of the tribe (Utes), and Luke, the interpreter. Taken on the outskirts of Camp Floyd looking northwest toward the Oquirrh Mountains"
,,,,https://collections.lib.utah.edu/details?id=438185,View of north end of Camp Floyd from 10th infrantry target looking northeast
,,,,https://collections.lib.utah.edu/details?id=457790,Camp Floyd State Park
,,,,https://collections.lib.utah.edu/details?id=442631,Camp Floyd-Memorial Monument
,,,,https://collections.lib.utah.edu/details?id=442902,Pony Express Monument-Camp Floyd
,,,,http://digitallibrary.utah.gov/awweb/pdfopener?sid=836A98AF5C5527F4F263D55FE4019701&did=81751&fl=%2Fpublications%2Fpdf%2Fdc056258.pdf#toolbar=0,Pamplet about the history of Camp Floyd
,,,,http://contentdm.lib.byu.edu/cdm/ref/collection/Savage2/id/769,Photograph of Fort Douglas from Headquarters
,,,,http://contentdm.lib.byu.edu/cdm/ref/collection/Savage2/id/555,"Company Quarters, Fort Douglas, Utah"
,,,,http://contentdm.lib.byu.edu/cdm/ref/collection/Savage/id/971,"Officers' quarters, Fort Douglas, Utah"
,,Mountain Meadows Massacre,http://contentdm.li.suu.edu/cdm/ref/collection/hist_photos/id/277,,Mountain Meadow
,,,,https://collections.lib.utah.edu/details?id=124696,"Mountain Meadows Massacre, Utah, 1857--Monuments"
,,,,http://digitallibrary.utah.gov/awweb/pdfopener?sid=2C33787351971A18BA95E95DC979AEFD&did=84031&fl=%2Fpublications%2Fpdf%2Frm006564.pdf#toolbar=0,A message from the President of the United States of America
,,Outlaws,https://collections.lib.utah.edu/details?id=392442,,Butch Cassidy and the Wild Bunch
,,,,https://collections.lib.utah.edu/details?id=392421,"Portrait of Butch Cassidy (George LeRoy Parker) as he appeared upon entering the Wyoming Penitentiary, July 15, 1894"
,,,,https://collections.lib.utah.edu/details?id=392471,"Pinkerton National Detective Agency wanted poster, showing George LeRoy Parker (Butch Cassidy), Harry Longabaugh and O. C. (Camilla) Hanks"
,,,,https://collections.lib.utah.edu/details?id=433886,"Matt Warner, shown here in 1937 (one year before his death), was a western outlaw in the late 1800's."
,,,,https://collections.lib.utah.edu/details?id=394592,"""Queen"" Ann Bassett Willis standing in front of a full length mirror, in a white dress and hat"
,,,,https://collections.lib.utah.edu/details?id=397081,"Dead men from Dalton Gang: Bill Powers, Bob Dalton, Grat Dalton, Dick Broadwell. Killed at Coffeyville, Kansas on October 5, 1892"
,,,,https://collections.lib.utah.edu/details?id=432125,Harry Longbaugh (The Sundance Kid)
,,,,https://collections.lib.utah.edu/details?id=397086,"Joe Le Fors and posse inside train following Tipton, Wyoming robbery in 1900."
,Politics & the Constitution,,http://contentdm.lib.byu.edu/cdm/ref/collection/Savage2/id/1649,,"Group portrait of federal commissioners appointed in 1882, under the terms of the Edmunds Act, to administer elections in Utah. Includes chairman Alexander Ramsey, commission members Ambrose B. Carleton, Algernon S. Paddock, George L. Godfrey, and James R. Pettigrew, and secretary Arthur L. Thomas."
,,,,https://collections.lib.utah.edu/details?id=301734#contents,"Political Textbook from 1860 discussing slavery, campaign literature, and political parties"
,,,,http://images.archives.utah.gov/cdm/ref/collection/241/id/6610,"The territorial secretary was responsible for recording all acts and proceedings of the Governor in his executive department and to provide copies of these official acts to specific federal officials. Over half of the series represent official acts of the Governor. Many other duties of the secretary are also documented, most reflecting routine administrative functions of the territorial government."
,,,,http://images.archives.utah.gov/cdm/ref/collection/3212/id/1649,Roll call book
,,,,http://digitallibrary.utah.gov/awweb/pdfopener?sid=836A98AF5C5527F4F263D55FE4019701&did=65651&fl=%2Fpublications%2Frm001870.pdf#toolbar=0,The Constitution of the State of Utah
,,,,http://contentdm.lib.byu.edu/cdm/ref/collection/NCMP1820-1846/id/17391,Constitution of the State of Deseret
,Suffrage,,https://collections.lib.utah.edu/details?id=454419,,"Suffrage leaders: Emily Richards, Sarah M. Kimball, Phoebe Beatie, 1875"
,,,,https://collections.lib.utah.edu/details?id=454426,
,,,,https://collections.lib.utah.edu/details?id=454426,Women's suffrage group
,,,,https://collections.lib.utah.edu/details?id=430147,"Susan B. Anthony, national suffrage leader"
,,,,https://collections.lib.utah.edu/details?id=433745,"Emmeline B. Wells (1828-1921) served as a General President of the LDS Church Relief Society, and was a writer and editor for the Woman's Exponent, a semi-monthly periodical established for Mormon women, and was active in the womens sufferage movement and politics"
,Local Governments,Salt Lake City,http://contentdm.lib.byu.edu/cdm/ref/collection/GEA/id/2776,,The City Hall building in Salt Lake
,,Provo,http://contentdm.lib.byu.edu/cdm/ref/collection/ProvoPhoto/id/223,,Provo and the surrounding farmland
,,,,http://contentdm.lib.byu.edu/cdm/ref/collection/ProvoPhoto/id/288,The Provo Meetinghouse
,,,,https://collections.lib.utah.edu/details?id=321421,Sanborn Fire Insurance Maps
,,,,http://contentdm.uvu.edu/cdm/ref/collection/ProvoLib/id/417,Photograph of Provo Mayor John Edge Booth. He served as Mayor of Provo from 1890-91
,,,,http://contentdm.lib.byu.edu/cdm/ref/collection/ProvoPhoto/id/189,The Territorial Insane Asylum in Provo.
,,,,http://contentdm.lib.byu.edu/cdm/ref/collection/ProvoPhoto/id/200,State Hospital on east Center Street
,,,,http://contentdm.lib.byu.edu/cdm/ref/collection/ProvoPhoto/id/550,The State Mental Hospital near the foot of the mountains.
,,Logan,http://digital.lib.usu.edu/cdm/ref/collection/p16944coll23/id/56,,1891 Map of Logan City
,,,,https://collections.lib.utah.edu/details?id=321317,Sanborn Fire Insurance Maps
,,St. George,https://collections.lib.utah.edu/details?id=981612,,Photograph of St. George from the uncompleted temple tower.
,,Fillmore,http://contentdm.uvu.edu/cdm/ref/collection/Territorial/id/640,,"Photo of Fillmore Main Street, 1887"
,,,,http://contentdm.lib.byu.edu/cdm/ref/collection/GEA/id/9944,Grist Mill at Fillmore [Utah]
,,,,http://contentdm.uvu.edu/cdm/ref/collection/Territorial/id/512,Old adobe meeting house
,,Ogden,http://contentdm.lib.byu.edu/cdm/ref/collection/Savage2/id/750,,"City Hall, Ogden"
,,,,http://contentdm.lib.byu.edu/cdm/ref/collection/Savage2/id/686,"Court House, Ogden"
,,,,http://contentdm.lib.byu.edu/cdm/ref/collection/Savage/id/1052,"Union Depot, Ogden, Utah."
,,,,https://cdm.weber.edu/cdm/ref/collection/WCPD/id/287,"The city directory will contain an alphabetical list of citizens, listing the names of the heads of households, their addresses, and occupational information."
,,Park City,https://collections.lib.utah.edu/details?id=1002074,,Park City's city hall in ruins after a fire
,,,,http://contentdm.lib.byu.edu/cdm/ref/collection/GeorgeBeard/id/167,Men on street in front of ruins of buildings after the Park City fire of 1898
,,,,https://collections.lib.utah.edu/details?id=1002052,"Photo of an early firefighting team and fire wagon at a fire in Park City, perhaps the great fire of June 19, 1898"
,Statehood,,http://contentdm.lib.byu.edu/cdm/ref/collection/RelEd/id/6255,,Parade celebrating Utah's statehood in 1896
,,,,http://contentdm.lib.byu.edu/cdm/ref/collection/Savage/id/1173,"A city block, Dinwoody's Block, decorated with a big star, banners and other decorations."
,,,,http://contentdm.uvu.edu/cdm/ref/collection/Mapleton/id/251,"Matilda Houtz, Statehood Day queen"
,,,,http://contentdm.lib.byu.edu/cdm/ref/collection/ProvoPhoto/id/299,Provo Tabernacle during a celebration sometime before statehood.
State of Utah (1900-1930),Ku Klux Klan,,https://collections.lib.utah.edu/details?id=529755,,"Salt Lake Theatre, ""Birth of a Nation"""
,,,,https://collections.lib.utah.edu/details?id=902436#contents,"Matz (b. 1919) talks about his family background in Russia, the pogroms that took place there, his mother's immigration to the United States, his father's business, the Ku Klux Klan, and anti-Semitism in Magna, Utah"
,,,,https://collections.lib.utah.edu/details?id=705821,"Beneath the hood and robe: a socioeconomic analysis of Ku Klux Klan membership in Denver, Colorado, 1921-1925"
,,,,https://collections.lib.utah.edu/details?id=909512#contents,"Scan of three letters to John Morgan: [1] Letter dated 19 July 1878 at Salt Lake City, Utah, from John Taylor to John Morgan at Rome, Georgia; [2] Letter dated 12 December 1877 at Salt Lake City, Utah, from Wilford Woodruff to John Morgan at Manassa, Colorado; [3] Letter (undated) addressed to ""Elder Morgan,"" signed KKK, conveying a threat if he didn't leave the area"
,,,,http://digitallibrary.utah.gov/awweb/pdfopener?sid=C183DEE07FA1D57639BDA663A0C6A1E9&did=33956&fl=%2Fpublications%2Farchive%2Fdg000011.pdf#toolbar=0,Utah History Blazer article about the Ku Klux Klan
,Transportation,Vehicles,https://collections.lib.utah.edu/details?id=403983,,Women stand in front of old cars at the Uintah County Fair
,,,,http://contentdm.lib.byu.edu/cdm/ref/collection/GeorgeBeard/id/1174,Cars parked outside a small house waving a flag in a clearing.
,,,,http://contentdm.lib.byu.edu/cdm/ref/collection/ProvoPhoto/id/281,Cars traveling on a road in Provo
,,,,http://contentdm.uvu.edu/cdm/ref/collection/Sorensen/id/225,Black and white photograph of instructor Ray Barrett (in the middle) and students Tran Van Nien (left) and Ho dink Bien (right) standing behind a large diesel engine. The two students are pointing at specific parts on the engine.
,,,,https://collections.lib.utah.edu/details?id=1002566,"A street scene, Salt Lake City, Utah"
,,,,https://collections.lib.utah.edu/details?id=1001355,"Photograph showing men and horse-drawn wagons next to new power poles on Washington Avenue, Ogden, Utah, in 1912"
,,,,http://digital.lib.usu.edu/cdm/ref/collection/Bear/id/10,"Amphibious swamp boat ""Mud Queen"" on reconnaissance survey in South Bay, Utah in summer, 1929."
,,,,http://contentdm.uvu.edu/cdm/ref/collection/ProvoLib/id/56,This picture shows four vehicles and eight firemen standing in front of the Provo Fire House.
,,,,http://digital.lib.usu.edu/cdm/ref/collection/USU_Photos/id/192,"Workmen spraying fruit trees in experiment plot on the present site of the Business Building, circa 1908"
,,Trains,https://collections.lib.utah.edu/details?id=532152,,Railroad travel
,,,,http://contentdm.lib.byu.edu/cdm/ref/collection/GEA/id/2976,Six men standing in front of a train engine.
,,,,https://collections.lib.utah.edu/details?id=393429,"Uintah Railway Train at Dragon, Utah"
,,,,https://collections.lib.utah.edu/details?id=972613,"Photo showing a Railroad train and the Crew, Helper, Utah, 1924"
,,Planes,https://collections.lib.utah.edu/details?id=441609,,Early airplane
,,,,https://collections.lib.utah.edu/details?id=411037,"People gather to watch and experiment of an early airplane flying, it concluded in an accident"
,,,,http://contentdm.lib.byu.edu/cdm/ref/collection/GEA/id/7135,"A photograph taken outdoors of a man in a hat and beard, shaking the hand of a man sitting on an early airplane."
,,,,http://contentdm.lib.byu.edu/cdm/ref/collection/GEA/id/7134,"A photograph taken outdoors of an early Curtiss Headless, pusher-type airplane, with a mansitting on it, with a crowd of people far in the background."
,,,,http://contentdm.lib.byu.edu/cdm/ref/collection/GEA/id/13892,"An airplane in a field in Richfield, Utah with ""Cloyd 'Clever' Clevenger"" on side of plane and ""Ocean to Ocean"" written on the tail."
,,,,http://digital.library.unlv.edu/objects/hughes/51,Howard Hughes in the cockpit of the XF-11. Trucks and emergency vehicles are seen nearby
,"Inventions: Electricity, Telephones, & Radios",,https://collections.lib.utah.edu/details?id=392650,,Telephone Operator
,,,,https://collections.lib.utah.edu/details?id=1000315,"Jordan Power Plant generator, Salt Lake City, Utah"
,,,,https://collections.lib.utah.edu/details?id=393330,"March 10, 1903, Vernal City Council met with official from Salt Lake City to take final action on the electric light franchise. They made a trip to the Ashley Canyon looking for a power site location"
,,,,https://collections.lib.utah.edu/details?id=393494,Early telephone switchboard.
,,,,https://collections.lib.utah.edu/details?id=393404,"Wire-stringing gang for the Colorado Telephone Company, 1906, on the Denver-Grand Junction line moving off Argentine Pass between Georgetown and Montezuma, elevation 12,300 feet"
,,,,http://contentdm.li.suu.edu/cdm/ref/collection/dixie_nf/id/1741,Supervisor George H. Barney receiving first telephone call by rigging his own line across telephone lines.
,,,,http://digital.lib.usu.edu/cdm/ref/collection/jacklondon/id/486,"Pacific Telephone and Telegraph Company bills, June 1 - October 1, 1918"
,,,,http://contentdm.li.suu.edu/cdm/ref/collection/iron_miss/id/424,Sawyers using the portable telephone.
,,,,http://contentdm.lib.byu.edu/cdm/ref/collection/EdithIrvine/id/867,"There is a man in a striped shirt, hanging from an electric pole by a harness, standing on a wire."
,,,,http://contentdm.lib.byu.edu/cdm/ref/collection/ProvoPhoto/id/572,A view of the displays in the entryway of a radio store.
,,,,http://contentdm.lib.byu.edu/cdm/ref/collection/JMHes/id/2356,"Harold Kline, 3163 Sig Serv C Adv Ech (Terminal E), 149th S St., Jamaica, NY, operating terminal equipment of AN/trc-6 radio link equipment. Near Suippes, France."
,,,,http://digital.lib.usu.edu/cdm/ref/collection/USU_Photos/id/214,"Two young men in uniform undergoing military radio training during World War I at the power panel for the Plotting Room in the basement of Old Main, 1918"
,,,,http://contentdm.lib.byu.edu/cdm/ref/collection/RelEd/id/3013,"On May 6, 1922, KZN went on the air. President Grant was chosen to speak some of the first words on the first broadcast. He is pictured center with book and microphone in hand. General Conference was first broadcast in October 1924."
,Industry,,https://collections.lib.utah.edu/details?id=1000340,,"Jordan Power Plant, Salt Lake City, Utah"
,,,,http://digital.lib.usu.edu/cdm/ref/collection/p16944coll10/id/723,"Creamery worker in white hat, shirt and pants."
,,,,http://digital.lib.usu.edu/cdm/ref/collection/coops/id/23444,"Utah State Farmers' Institutes, annual number five, for the year ending June 30, 1901."
,,,,https://collections.lib.utah.edu/details?id=399743,The first oil refinery on the White River was built in 1918
,,,,http://contentdm.uvu.edu/cdm/ref/collection/ProvoLib/id/255,This picture shows the first Startup Wholesale Candy Factory at 66 Center Street
,,,,https://collections.lib.utah.edu/details?id=414839,"The Western Venture Corp, an oil company incorporated under the laws of Nevada, had their main office in Reno with a branch in Vernal and Los Angeles. They purchased the Border Oil Company who was operating in Uintah County. The Western Venture corporation had holdings in Uintah and Duchesne Counties and drilled several oil wells southwest of Vernal. Here company men stand at one of their holdings."
,,,,http://contentdm.uvu.edu/cdm/ref/collection/ProvoLib/id/253,This picture shows the interior of Pappas Candy Store.
,,,,https://collections.lib.utah.edu/details?id=983914,"Photo shows a burnt woodpile at the Nevill oil operation near Mexican Hat, Utah"
,,,,https://cdm.weber.edu/cdm/ref/collection/OSY/id/70,"The Ogden Union Stockyard was a key fixture in the largest livestock market west of Denver during its heyday from 1916 to 1971. The activities at the yard brought Ogden national attention as a livestock center. The rise of the livestock shows, auctions, etc. at the site spurred the local and regional livestock industry, thereby physically shaping the development of the agricultural landscape both near and far."
,,,,https://collections.lib.utah.edu/details?id=444107,Washington Cotton Mill
,The Labor Movement,Working Conditions,https://collections.lib.utah.edu/details?id=437892,,"Unidentified child, probably at Castle Gate. Finlander--9 years old. He worked in the Castle Gate Mine near the turn of the century. He carried explosives and searched for ""Bad Air"" and cleaned entries from animal debris and loose coal"
,,,,https://collections.lib.utah.edu/details?id=523481,Image shows a large group of street car strikers posing for a photo in front of the Labor Hall
,,,,https://collections.lib.utah.edu/details?id=197218,"It is the purpose of this paper to investigate in a very modest way the status of Utah in regard to the child-labor question, and to ascertain what, if any, are Utah's peculiar temptations to the exploitation of children's labor. Special attention will be paid to conditions in Salt Lake City, since the writer was compelled by circumstances to limit personal investigation to that city"
,,,,https://collections.lib.utah.edu/details?id=430461,"Caterina Pessetto Bottino hid the famed labor leader, Mother Jones, from Helper, Utah authorities during the 1903 coal miners strike"
,,,,https://collections.lib.utah.edu/details?id=454156,"Strike at the construction site of the Commercial Club Building. June 2, 1909"
,,,,https://collections.lib.utah.edu/details?id=454121,"Street car strike parade going north on Main from Dr. William F. Beer's office, Apr. 29, 1907"
,,,,https://collections.lib.utah.edu/details?id=431809,"Mary Jones was the notorious ""Mother Jones,"" a leader in the labor movement, who came to Carbon County during the 1903-04 coal miner's strike"
,,,,https://collections.lib.utah.edu/details?id=449286,"Salt Lake Herald cartoon, 1903, during Coal Miners' Strike in Carbon County"
,,,,https://collections.lib.utah.edu/details?id=454199,"National Guard troops at Clear Creek, Carbon County, during strike, November - December, 1903"
,,,,https://collections.lib.utah.edu/details?id=460052,"Western Union messenger boys on strike, August 9, 1907"
,,Joe Hill,http://digitallibrary.utah.gov/awweb/main.jsp?flag=browse&smd=1&awdid=2,,Salt Lake City history minute : Joe Hill
,,,,http://images.archives.utah.gov/cdm/ref/collection/p17010coll5/id/751,"As chief executive officer of the state, the governor has the authority to commute the sentences of those convicted of crimes. The conviction and execution of Joseph Hillstrom (Joe Hill) became one of the most controversial criminal cases in Utah history; it generated national and international interest."
,,,,http://images.archives.utah.gov/cdm/ref/collection/p17010coll5/id/533,Protests against the Execution and/or Conviction of Joe Hill
,,,,http://digitallibrary.utah.gov/awweb/pdfopener?sid=77E84FAB84475F92F976598D95F404E8&did=77493&fl=%2Fpublications%2Fpdf%2Fdc054153.pdf#toolbar=0,1915 : execution of Joe Hill
,,,,http://images.archives.utah.gov/cdm/ref/collection/p17010coll6/id/232,Joseph Hillstrom Case Records | Newspaper articles
,,,,http://images.archives.utah.gov/cdm/ref/collection/p17010coll6/id/111,Funeral oration
,,,,https://collections.lib.utah.edu/details?id=431596,Joe Hill was a labor organizer and songwriter who was accused of murder and executed in Salt Lake City on 19 November 1915
,Prohibition,,http://contentdm.li.suu.edu/cdm/ref/collection/palmer/id/1158,,"Women's Prohibition Parade; Glendale, Kane County, Utah"
,,,,https://collections.lib.utah.edu/details?id=441385,Prohibition Bill
,,,,https://collections.lib.utah.edu/details?id=972518,"Prohibition in Carbon County; Slavic miners celebrating the sixth year of prohibition in Carbon County; Spring Canyon, Utah; 1924"
,,,,http://contentdm.lib.byu.edu/cdm/ref/collection/BYUPhotos/id/194,"This cartoon was inspired by the controversy that raged over a local Provo ordinanceprohibiting the sale of liquor in 1909, ten years before the Volstead Act implemented the Eighteenth Amendment to the U.S. Constitution forbidding the sale of alcoholic beverages."
,,,,http://images.archives.utah.gov/cdm/ref/collection/6300/id/20,Convention to Ratify the 21st Amendment (1933)
,,,,https://collections.lib.utah.edu/details?id=454263,"Utah Constitutional Convention ratifying the 21st amendment to the US Constitution, Dec. 5, 1933"
,,,,https://collections.lib.utah.edu/details?id=376167#contents,Excerpts concerning Utah from the Annual Report of the Commissioner of Indian Affairs
,World War I,,https://collections.lib.utah.edu/details?id=593107,,Tribune-Telegram Headlines (WWI)
,,,,https://cdm.weber.edu/cdm/ref/collection/TED/id/187,"Cunard Bulletin. R. M. S. "" ANDANIA. "" MONDAY, OCTOBER 8th, 1917"
,,,,https://cdm.weber.edu/cdm/ref/collection/TED/id/186,"Cunard Bulletin.R. M. S. "" ANDANIA."" TUESDAY, 2nd October, 1917"
,,,,http://contentdm.lib.byu.edu/cdm/ref/collection/JMHes/id/2197,"With the German Army defeated, troops and displaced persons make their way to POW camps and displaced persons centers, or perhaps to their homes. They traveled by foot, horse drawn wagons and trucks. Germany and Austria"
,,,,https://cdm.weber.edu/cdm/ref/collection/TED/id/341,Marching order of Edmond Arthur Littlefield principally from his service in the American Field Service during World War I
,,,,https://cdm.weber.edu/cdm/ref/collection/TED/id/198,Service patches
,,,,https://cdm.weber.edu/cdm/ref/collection/TED/id/144,French gunman
,,,,https://cdm.weber.edu/cdm/ref/collection/TED/id/148,Soldier in trench on the Western Front
,,,,https://cdm.weber.edu/cdm/ref/collection/TED/id/83,Soldiers marching with the ambulance service
,,,,https://cdm.weber.edu/cdm/ref/collection/TED/id/252,Destruction
,,,,http://contentdm.lib.byu.edu/cdm/ref/collection/BYUIOralHist/id/326,"Oral History Project Charles Ira Lindsey- Experiences of WWI By Charles Ira Lindsey December 12, 1973"
,,,,https://collections.lib.utah.edu/details?id=499447,WWI - 1st group from Provo from a draft
,,,,https://collections.lib.utah.edu/details?id=438423,Prisoner of War Camp
,,,,https://collections.lib.utah.edu/details?id=450229,World War I
,,,,http://contentdm.lib.byu.edu/cdm/ref/collection/Civilization/id/638,Map of Europe in 1914
,,,,http://contentdm.lib.byu.edu/cdm/ref/collection/Civilization/id/640,"Map of ethnic groups in central & E Europe, Balkans, & Anatolia before WWI"
,,,,https://cdm.weber.edu/cdm/ref/collection/WWI/id/5,"Veterans of WWI in Armistice Day Parade in Ogden, UT in 1919. Location is in front of the Broom Hotel at 25th and Washington Boulevard"
,The '20s,,http://digital.lib.usu.edu/cdm/ref/collection/USU_Photos/id/1481,,"Posed group of eight young women elegantly clad in dresses and hats, possibly a sorority portrait, circa 1925. Some of the dresses are in a flapper style"
,,,,http://contentdm.lib.byu.edu/cdm/ref/collection/BYUPhotos/id/384,"BYU flapper-coeds at the Provo railroad station, 1920s"
,,,,http://contentdm.lib.byu.edu/cdm/ref/collection/BYUPhotos/id/364,"These coeds, clad variously in mountain clothes and the fashionable flapper costume of the day, adorn the ""belle"" tower at the Alpine summer school camp. It was a decade when women wonthe right to vote, bobbed their hair, shortened their skirts, and applied plenty of makeup."
,Sports,Basketball,http://digital.lib.usu.edu/cdm/ref/collection/p16944coll10/id/1657,,Man wearing an Aggie's basketball uniform poses holding a basketball up in the air.
,,,,https://collections.lib.utah.edu/details?id=410178,"Uintah High School junior girls won the class basketball tournament. The winning group are back row, Mae Holfeltz, Mildred McCarrell and Pearl Massey. Front row Marinda Hall, Ora Preece and Alice Caldwell."
,,,,https://collections.lib.utah.edu/details?id=406319,The girls basketball team at the Willcox Academy sit in front of the school
,,,,http://contentdm.lib.byu.edu/cdm/ref/collection/ProvoPhoto/id/814,Franklin basketball team
,,,,http://contentdm.lib.byu.edu/cdm/ref/collection/BYUPhotos/id/250,"Champion Basketball Team of 1905. Since football was banned in all Church schools from 1900to 1919, emphasis was placed on basketball, track, and baseball."
,,Football,http://contentdm.lib.byu.edu/cdm/ref/collection/BYUPhotos/id/461,,"For the first few years after the revival of football at BYU, many games were played at the oldTimp Park, just south of the present Provo power plant. There were no grandstands, and automobiles and spectators lined up along the sidelines. Players suited up at the Men'sGymnasium in the Training Building and walked to Timp Park. Later, football was moved to Upper Campus at the old grandstand, which, in the absence of football, had been used primarilyas a track."
,,,,http://contentdm.lib.byu.edu/cdm/ref/collection/BYUPhotos/id/462,"The football team boarded a car of the interurban railroad at a station located at First West and Center streets, where the downtown J C. Penney store now stands. A huge crowd of suporterscheered their departure. Note that every man is wearing a suit and a hat. Pep rallies in those days were called ""vodies."""
,,,,https://collections.lib.utah.edu/details?id=393060,"Football team. C.C. Watson, holding football, was team captain"
,,,,http://contentdm.lib.byu.edu/cdm/ref/collection/HuntBag/id/2130,A studio group portrait of a football team and coach
,,,,https://collections.lib.utah.edu/details?id=409026,Dee Jenkins; Uintah High School--Sports--Football
,,,,http://digital.lib.usu.edu/cdm/ref/collection/USU_Photos/id/1124,"Football game, 1917"
,,Baseball,http://digital.lib.usu.edu/cdm/ref/collection/USU_Photos/id/1057,,"Baseball team at practice, 1915"
,,,,https://collections.lib.utah.edu/details?id=393319,Myton Baseball Team
,,,,http://contentdm.li.suu.edu/cdm/ref/collection/hist_photos/id/872,"Recreation, baseball players"
,,,,http://digital.lib.usu.edu/cdm/ref/collection/USU_Photos/id/1058,"Baseball team, 1915"
,,,,http://digital.lib.usu.edu/cdm/ref/collection/USU_Photos/id/1109,Pitcher of the 1915 baseball team
,,,,http://digital.lib.usu.edu/cdm/ref/collection/USU_Photos/id/564,"Baseball game on the Quad, 1920. Photo taken from roof of Animal Industry building"
,,,,http://digital.lib.usu.edu/cdm/ref/collection/USU_Photos/id/2110,"Women's baseball team, 1898"
,,Boxing,https://collections.lib.utah.edu/details?id=394153,,"Buck Stewart and Ted Cooper Boxing in a Yard, Myton, Utah,1915"
,,,,https://collections.lib.utah.edu/details?id=230877,"The fight went ten rounds and ended in a draw. Ernest ""Cyclone"" Wright won the Welterweight championship of the western states circa 1910. He was also a member of Murray's first volunteer fire department."
,,,,http://contentdm.lib.byu.edu/cdm/ref/collection/BYUPhotos/id/453,"An exciting annual event in October during the 1940s was the ""Smokeless Smoker"" a stag affairfor the men students and faculty, which included a program of boxing, wrestling, and somevariety numbers."
,,,,https://collections.lib.utah.edu/details?id=411876,Duane (Sammy) Hatch participated in boxing at Uintah High School
,,Golf,https://cdm.weber.edu/cdm/ref/collection/HOD/id/1271,,El Monte Golf House
,,,,http://contentdm.lib.byu.edu/cdm/ref/collection/BYUPhotos/id/330,"President Franklin S. Harris and T. N. Taylor, the latter a member of the Board of Trustees, taketime out for a round of golf. They were nattily attired in knickers and loud golf socks."
,,Skiing,http://contentdm.lib.byu.edu/cdm/ref/collection/ProvoPhoto/id/746,,A ski resort in Provo Canyon near the backside of Timp
,,,,http://contentdm.lib.byu.edu/cdm/ref/collection/BYUPhotos/id/400,"Equipped with skis, skates, snowshoes, and toboggans, the Y Winter Walkers reach the pavilionand pond at Vivian Park in Provo Canyon in 1924 for a day of snowy activity. In Utah at that time there were no ski resorts with lifts, runs fancy buildings, and restaurants, but the Y WinterWalkers improvised and had great fun."
,,,,https://collections.lib.utah.edu/details?id=1087487,Grizzly Ridge Ski Resort--Ashley National Forest
,,Swimming,http://contentdm.lib.byu.edu/cdm/ref/collection/BYUPhotos/id/487,,The BYU women's swimming team in the old Provo High School pool in the 1920s
,,,,http://digital.lib.usu.edu/cdm/ref/collection/USU_Photos/id/1146,"Students swimming in the Smart Gymnasium swimming pool, 1917"
,,,,http://contentdm.lib.byu.edu/cdm/ref/collection/BYUPhotos/id/483,"Brigham Young University's first swimming team, which entered competition in 1921-22, included Briant Decker, left; Hamilton Calder, T. William Harrison, Aldus Markham, and Harold Bentley"
,,,,http://digital.lib.usu.edu/cdm/ref/collection/USU_Photos/id/1022,"Five members of the 1917 UAC swim team. The team included Purcell, Leland Jones, Scott Dahlquist, Drinen, Doug Cannon, Lyle Geddes, Hobusch, Jim Witmore, and Caffey"
,The Depression,,https://cdm.weber.edu/cdm/ref/collection/UCUIPHOTO/id/21,,"Hoover Dam workers line up one pay day in 1932. Jobs were eagerly sought during the Great Depression, despite stifling summer heat, a hostile terrain, and a seven-day work week"
,,,,http://contentdm.lib.byu.edu/cdm/ref/collection/ProvoPhoto/id/248,Homecoming parade during the Great Depression
,,,,https://cdm.weber.edu/cdm/ref/collection/WEBDA_OH/id/109,"The Great Depression in Weber County, Utah, is an Oral History Project by Mack S. Taft for completion of his Master's Thesis at Utah State University during the summer of 1969. The interviews address the Great Depression through the eyes of individuals in several different occupations including: Bankers, Laborers, Railroad Workers, Attorneys, Farmers, Educators, Businessmen, Community and Church Leaders, Housewives, Children and Physicians. All of these individuals lived in Weber County from 1929 to 1941. The interviews were based on what they remembered about the depression, how they felt about those events and how it affected their life then and now."
,,,,http://digitallibrary.utah.gov/awweb/pdfopener?sid=41762F40B5664E5D073988F9EABE7F5D&did=67780&fl=%2Fpublications%2Fmp4%2Fdc047878.mp4,Video from the National Park Service highlighting the Civilian Conservation Corp
,,,,https://collections.lib.utah.edu/details?id=128212,Antelope Springs Civilian Conservation Corps camp
,,,,http://contentdm.lib.byu.edu/cdm/ref/collection/RelEd/id/3104,"The Pioneer Stake bishops' storehouse was organized in the summer of 1932, during the height of the Great Depression when many members were unemployed."
,,,,http://contentdm.li.suu.edu/cdm/ref/collection/Emery/id/251,"Lt. Anderson is standing in front of a cafe near the Officer's Quarters. Officers of the CCCs were retired army officers recruited back into duty to supervise the CCC program across the nation during the Great Depression. Company 949 was located in Ferron, and they worked under the U.S. Forest Service"
State of Utah (1930-1950),World War II,Daily Life,http://contentdm.lib.byu.edu/cdm/ref/collection/JMHes/id/2531,,"Cans of ""C"" rations"
,,,,http://digitallibrary.utah.gov/awweb/pdfopener?sid=41762F40B5664E5D073988F9EABE7F5D&did=70878&fl=%2Fpublications%2Fpdf%2Farchive%2Fdc050050.pdf#toolbar=0,"Article titled ""Wartime Economic Changes"""
,,,,https://collections.lib.utah.edu/details?id=454577,"U.S.O. at Wendover, November 21, 1942"
,,,,https://collections.lib.utah.edu/details?id=927162,Telegram from Berlin at Christmastime 1945
,,,,https://collections.lib.utah.edu/details?id=454508,"Mountain States Telephone and Telegraph Company U.S.O., February 17, 1942"
,,,,https://cdm.weber.edu/cdm/ref/collection/UCUIPHOTO/id/97,"The coke ovens, shown here, and other Geneva construction were undertaken with great urgency due to wartime demands"
,,,,https://collections.lib.utah.edu/details?id=450286,"World War II war bonds drive, Gen. Motors group, Aug. 11, 1942"
,,,,https://collections.lib.utah.edu/details?id=450299,"Victory canning during WW II. Working in Victory Garden, Aug., 1943"
,,Topaz,https://collections.lib.utah.edu/details?id=483150,,Arriving at Topaz
,,,,https://collections.lib.utah.edu/details?id=483207,"Topaz Relocation Center (Topaz, Utah)"
,,,,https://collections.lib.utah.edu/details?id=483274,"Japanese-Americans arrive at Tanforan Race Track in California, a relocation center. Many of the Japanese-Americans at Tanforan would be relocated to Topaz Relocation Center"
,,,,https://collections.lib.utah.edu/details?id=483238,Buses at Topaz
,,,,https://collections.lib.utah.edu/details?id=483127,Topaz High School football team plays against Delta High School
,,,,https://collections.lib.utah.edu/details?id=483206,"Japanese-American mother with two children on arrival at Topaz, Uta"
,,,,https://collections.lib.utah.edu/details?id=483265,Soldiers at Topaz
,,,,http://digitallibrary.utah.gov/awweb/pdfopener?sid=41762F40B5664E5D073988F9EABE7F5D&did=77494&fl=%2Fpublications%2Fpdf%2Fdc054154.pdf#toolbar=0,A short history of Topaz Internment Camp
,,,,http://digital.lib.usu.edu/cdm/ref/collection/Topaz/id/5304,"Memorial address given December 3, 1944 by Masaru Narahara for 10 Japanese American soldiers who died in action. Narahara, chairman of the Community Council at the Topaz Relocation Center where the address was given, paid honor to the memory of 10 soldiers who had lived as residents of the Center prior to enlisting. ""We honor them"" siad Narahara, ""because we realize that they had to confront not one enemy, but two. At home, the insidious enemies of democracy whoquestioned the integrity of loyal Americans of Japanese ancestry. Abroad, the thoroughly trained, organized and equipped armies of Europe."""
,,,,http://digital.lib.usu.edu/cdm/ref/collection/Topaz/id/8175,"The book ""Price of Prejudice"" by Leonard J. Arrington, was originally published in 1962 and was one of the first historical reports dealing with the internment of Japanese-Americans during WWII. The Topaz Museum, through a grant from the Civil Liberties Public Education Fund (CLPEF), gathered several hundred historic photographs on Topaz and Tanforan, selected approximately 85 and reprinted Professor Arrington's report in October of 1997. This second edition contains 85historic photographs and an afterword by Jane Beckwith not found in original edition. The book is 72 pages long"
,,Enola Gay ,https://collections.lib.utah.edu/details?id=440618,,Boeing B-29 Superfortress
,,,,https://collections.lib.utah.edu/details?id=440615,"""Enola Gay"" B-29 bomber that bombed Hiroshima, 1945"
,,,,https://collections.lib.utah.edu/details?id=440617,Col. Paul Tibbets and the Enola Gay
,,,,https://collections.lib.utah.edu/details?id=440609,"Major Theodore J. VanKirk, navigator; Paul W. Tibbets, pilot; and Major Tom Ferebee, bombardier. All three members of the 58th Wing, are in the running for the chance to drop the A-Bomb at Bikini"
,,,,https://collections.lib.utah.edu/details?id=331970,"Photo shows the Hiroshima Peace Memorial (also known as Atomic Bomb Dome / Genbaku Dome), Hiroshima, Japan"
,,,,https://collections.lib.utah.edu/details?id=332003,"Photo showing a sign at Hiroshima Peace Memorial Park (with information regarding Light of Peace / Flame of Peace), Hiroshima, Japan"
,,Pearl Harbor,https://collections.lib.utah.edu/details?id=440486,,U. S. S. West Virginia at Pearl Harbor
,,,,https://collections.lib.utah.edu/details?id=583291,Salt Lake Tribune Negative of Pearl Harbor
,,,,https://collections.lib.utah.edu/details?id=584122,Salt Lake Tribune Negative of Pearl Harbor
,,,,https://collections.lib.utah.edu/details?id=447686,U.S.S. Utah Bell
,,,,http://digitallibrary.utah.gov/awweb/pdfopener?sid=41762F40B5664E5D073988F9EABE7F5D&did=78783&fl=%2Fpublications%2Fmp4%2Farchive%2Fdc055051.mp4,Video of the USS Salt Lake City
,,,,https://collections.lib.utah.edu/details?id=440485,Pearl Harbor after Japanese attack. Photo shows USS West Virginia aflame
,,Europe,http://contentdm.li.suu.edu/cdm/ref/collection/crawford/id/2991,,"World War II, Reipertsweiler"
,,,,https://collections.lib.utah.edu/details?id=927141,Bombed building in Berlin Germany
,,,,https://collections.lib.utah.edu/details?id=451642,Women workers during World War II
,,,,http://contentdm.li.suu.edu/cdm/ref/collection/crawford/id/3118,German civilians looting a knocked-out train.
,,,,https://collections.lib.utah.edu/details?id=927144,Infantry map to Berlin
,,Asia,https://collections.lib.utah.edu/details?id=583429,,"United States Flag, Flag raising on Iwo Jima"
,,,,http://contentdm.lib.byu.edu/cdm/ref/collection/Civilization/id/658,Map of Japan
,,,,http://digital.lib.usu.edu/cdm/ref/collection/p16944coll7/id/235,"Joseph Marvin Benson, Navy, was born in 1907 in Newton, Utah.   Marvin was killed in action in Iwo Jima, in the South Pacific on 19 February 1945"
State of Utah (1950-1980),The Cold War,,http://contentdm.lib.byu.edu/cdm/ref/collection/Civilization/id/654,,"A map showing 'West' vs. 'East'. The Cold War, or the 'East-West Conflict,' governedrelationships not just in Europe but throughout the world. As a rule, NATO affiliates includedcountries still under European imperial control, countries which had become independentunder European settlers and countries which had become independent under native liberalnationalists."
,,,,http://contentdm.lib.byu.edu/cdm/ref/collection/Civilization/id/655,This map includes client states of the Communists in Russia and the different dates duringwhich each country was a Republic included in the USSR.
,,,,https://collections.lib.utah.edu/details?id=920075#contents,"Twenty-page insert for the April 15, 1948, issue of the Philadelphia Inquirer, with maps, illustrations and text about the beginnings of the rivalry between western capitalist nations led by the United States and eastern communist nations led by the Soviet Union following World War II known as ""the Cold War."" Includes maps of the Soviet Union, China, Korea, the Middle East, Palestine, Italy, Europe, and the World"
,,,,http://digitallibrary.utah.gov/awweb/pdfopener?sid=41762F40B5664E5D073988F9EABE7F5D&did=83558&fl=%2Fpublications%2Fpdf%2Frm006505.pdf#toolbar=0,"President of the United States Ronald Reagan gives his farwell address January 11, 1989"
,,,,https://cdm.weber.edu/cdm/ref/collection/UCUIPHOTO/id/73,"Cold War tensions prompted company personnel to work on the missile silos under ""combat-speed conditions."""
,,,,http://digitallibrary.utah.gov/awweb/pdfopener?sid=41762F40B5664E5D073988F9EABE7F5D&did=78073&fl=%2Fpublications%2Fjpg%2Farchive%2Frm004914.jpg#toolbar=0,Map of nuclear downwind areas
,,,,http://contentdm.library.unr.edu/cdm/ref/collection/spphotos/id/4565,"Actual pictures of dreaded atomic bomb blasts, Frenchman's Flats, Nevada; photographed from vantage point high atop Mount Charleston, near Las Vegas, Nevada"
,The Korean War,,http://contentdm.lib.byu.edu/cdm/ref/collection/Civilization/id/656,,A map of Korea showing Communist North Korea and NATO-affliated South Korea.
,,,,http://digital.lib.usu.edu/cdm/ref/collection/p16944coll7/id/212,"Griffin, Doug, veteran of the Korean War"
,,,,https://collections.lib.utah.edu/details?id=454532,"Military barracks constructed at Tooele Ordnance Depot during World War II. During the Korean War, some of these housed Navajo Indians from southern Utah"
,The Vietnam War,,http://contentdm.lib.byu.edu/cdm/ref/collection/BYUPhotos/id/764,,"On campuses throughout the United States in the late 1960s, the agony of the Vietnam Warresulted in flag burnings, student strikes, destruction of campus property, protest riots, and other unrest. While protest demonstrations were absent on BYU campus, the issues, nevertheless, were keenly felt and were the subject of intensive discussion. These students setup a table asking for signatures on a petition in support of U.S. policies in Vietnam."
,,,,https://collections.lib.utah.edu/details?id=981133,David S. King and General Westmoreland in Vietnam
,,,,http://contentdm.library.unr.edu/cdm/ref/collection/campphotos/id/3552,"Two male students protest with a sign reading, ""End Aggression in Vietnam and CAMBODIA- Support Student STRIKE -- Gov. Day"" during a student-led Vietnam War Protest on Governor's Day"
,,,,http://contentdm.library.unr.edu/cdm/ref/collection/campphotos/id/9338,"Given ""a minute"" to get up, graduate student William Copren sits for his full 60 seconds in front of a police car in front of Lincoln Hall, blocking the progress of the Governor's Day motorcade during a student-led Vietnam War Protest on Governor's Day"
,,,,http://digitallibrary.utah.gov/awweb/pdfopener?sid=41762F40B5664E5D073988F9EABE7F5D&did=83587&fl=%2Fpublications%2Fpdf%2Frm006509.pdf#toolbar=0,Farewell address from President of the United States Richard Nixon
,Television,,https://collections.lib.utah.edu/details?id=586476,,"Farnsworth, Philo"
,,,,http://idahodocs.contentdm.oclc.org/cdm/ref/collection/p16293coll3/id/4597,"Article on Philo Taylor Farnsworth, 1906-1971"
,,,,https://collections.lib.utah.edu/details?id=948440,Philo T. Farnsworth receiving the Hugo Greensback Trophy
,,,,https://collections.lib.utah.edu/details?id=981268,"Election coverage in Philadelphias WCAV (ninth station on air), 1948"
,,,,https://collections.lib.utah.edu/details?id=938719,KUTV channel 2 news station
,Transportation,Cars,https://collections.lib.utah.edu/details?id=1090284,,Cars parked along the Manila Highway near Steinaker Reservoir
,,,,http://contentdm.uvu.edu/cdm/ref/collection/Sorensen/id/247,Black and white photograph of a driver's education class at Utah Trade Technical Institute at Provo
,,,,http://contentdm.uvu.edu/cdm/ref/collection/ProvoLib/id/28,Kaiser car in front of the Strong Lodge Coffee Shop on 3rd South
,,,,http://contentdm.lib.byu.edu/cdm/ref/collection/BYUPhotos/id/930,"On May 18, 1972, BYU students Roger Billings (wearing tie) and Dennis Larsen (right) adaptedan automobile to run on hydrogen and demonstrated it on a campus parking lot. That year they won the clean-air contest of the National Urban Vehicle Design Competition in Detroit, farexceeding federal standards."
,,,,https://collections.lib.utah.edu/details?id=403865,Highway 40
,,Airplanes,https://collections.lib.utah.edu/details?id=440620,,Frontier Airlines
,,,,https://collections.lib.utah.edu/details?id=402962,The Lone Ranger(Brace Beemer) stands by two stewardess with Frontier Airlines. Part of the American Legion Convention was to have Frontier Airlines take flights over Echo Park damsite.
,,,,https://collections.lib.utah.edu/details?id=440649,"As a salute to the memory of Brigham Young and the Mormon trek of 1847, one of United Air Lines' Mainliners had been rechristened ""Utah Centennial"" and will carry the name during its daily flights between cities along United's coast-to-coast and Pacific coast systems"
,,,,http://digital.library.unlv.edu/objects/hughes/851,A portrait of Howard Hughes
,,,,http://digital.library.unlv.edu/objects/hughes/154,"Photograph of the Trans World Airline plane in flight, circa 1946-1956"
,,,,http://digital.lib.usu.edu/cdm/ref/collection/USU_Photos/id/259,"Students and faculty holding up a large banner reading ""Pan Am Welcomes Utah State University European Arts Tour, Arrangements made by Colburn Travel"" in what appears to be an airport terminal, 1960s"
,Immigration,,https://collections.lib.utah.edu/details?id=993745,,"President Lyndon B. Johnson speaking at the Statue of Liberty on the occasion of signing the 1965 amendment to the Immigration and Nationality Act, October 3, 1965."
,,,,https://collections.lib.utah.edu/details?id=993818,Lyndon B. Johnson
,The Civil Rights Movement,,https://collections.lib.utah.edu/details?id=431912,,"Dr. Martin Luther King, Jr. visited Salt Lake City in January 1961."
,,,,http://digitallibrary.utah.gov/awweb/pdfopener?sid=C183DEE07FA1D57639BDA663A0C6A1E9&did=79917&fl=%2Fpublications%2Fmp4%2Farchive%2Fdc055497.mp4,Video on segregation and the civil rights movement
,,,,http://digital.boisestate.edu/cdm/ref/collection/archives/id/2354,Rosa Parks with Marcellus Brown and an unidentified man
,,,,https://collections.lib.utah.edu/details?id=981089,William Dawson and President Dwight D. Eisenhower
,,,,http://digital.lib.usu.edu/cdm/ref/collection/minority/id/215,"Article from Utah Historical Quarterly (v. 73, no. 1, Winter 2004) describes the status of civil rights in Utah about the time of the Brown versus the Topeka Board of Education case ended segregation of public schools"
,,,,https://collections.lib.utah.edu/details?id=977072,"Image of signs, protests and displays put together by the SAA group on the University of Utah campus during political activity of the worldwide community to put an end to segregation in South Africa"
,The Space Race & Missile Testing,,https://collections.lib.utah.edu/details?id=442271,,A United States Air Force Minuteman intercontinental ballistic missile is shown here being launched for the first time from the Air Force missile test center at Cape Canaveral
,,,,https://collections.lib.utah.edu/details?id=204945,Pershing Missile and Army Truck
,,,,https://collections.lib.utah.edu/details?id=442316,"Hercules-""Polaris"""
,,,,https://collections.lib.utah.edu/details?id=442317,U.S. Navy Polaris fleet ballistic missile test vehicle starts on its way down the Atlantic range after being fired from the submerged submarine
,,,,https://collections.lib.utah.edu/details?id=442376,"The nation's newest intercontinental ballistic missile, the Air Force Minuteman ICBM, stands on its launching pad at the Atlantic Missile Range, Cape Canaveral, Fla"
,,,,https://collections.lib.utah.edu/details?id=442375,Thiokol Minuteman
,,,,https://collections.lib.utah.edu/details?id=535891,"IBM diagram poster with named rockets and the caption ""Count down for rocket rides to Santa Monica."""
,,,,https://collections.lib.utah.edu/details?id=431870,John F. Kennedy served as the Thirty-Fifth President of the United States from 1961-1963
,,,,http://digitallibrary.utah.gov/awweb/pdfopener?sid=41762F40B5664E5D073988F9EABE7F5D&did=73469&fl=%2Fpublications%2Fmp4%2Farchive%2Fdc051994.mp4,Video documenting the flights of Space Shuttle Discovery
,,,,http://digital.lib.usu.edu/cdm/ref/collection/p16944coll12/id/277,Photo Of The Cirris Satellite
,,,,https://collections.lib.utah.edu/details?id=340210,"Expo '70 (Nihon bankoku hakuran-kai) was a World's Fair held in Suita, Osaka, Japan between March 15 and September 13, 1970. The theme of the Expo was 'Progress and Harmony for Mankind.'"
State of Utah (1980-2000s),Grand Staircase-Escalante,,http://digitallibrary.utah.gov/awweb/pdfopener?sid=C183DEE07FA1D57639BDA663A0C6A1E9&did=9823&fl=%2Fpublications%2Flr000140.pdf#toolbar=0,,Map of newly designated Grand Staircase-Escalante National Park
,,,,http://digitallibrary.utah.gov/awweb/pdfopener?sid=C183DEE07FA1D57639BDA663A0C6A1E9&did=75952&fl=%2Fpublications%2Fpdf%2Frm004087.pdf#toolbar=0,CRS Report: RL30528 - National Monuments and the Antiquities Act: Recent Designations and Issues
,,,,http://contentdm.library.unr.edu/cdm/ref/collection/campphotos/id/10584,President of the United States Bill Clinton
,Utah Cenntenial,,http://digitallibrary.utah.gov/awweb/pdfopener?sid=C183DEE07FA1D57639BDA663A0C6A1E9&did=79167&fl=%2Fpublications%2Fpdf%2Fdc055194.pdf#toolbar=0,,Official publication of the Utah Cenntenial
,,,,http://digitallibrary.utah.gov/awweb/pdfopener?sid=C183DEE07FA1D57639BDA663A0C6A1E9&did=78788&fl=%2Fpublications%2Fmp4%2Fdc055056.mp4,Video of Governor Mike Leavitt
,,,,https://collections.lib.utah.edu/details?id=127794,"Centennial Celebration in Delta, Utah"
,,,,http://digitallibrary.utah.gov/awweb/pdfopener?sid=C183DEE07FA1D57639BDA663A0C6A1E9&did=78786&fl=%2Fpublications%2Fmp4%2Fdc055054.mp4,Mormon Tabernacle Choir celebrating the Cenntenial
,The 1983 Flood,,https://collections.lib.utah.edu/details?id=456581,,"Flooding on State Street / referred to at that time as ""State Street River"", Salt Lake City, Utah, 1983"
,,,,http://digitallibrary.utah.gov/awweb/pdfopener?sid=3FDCAF5D731535AFD251C8869339D7D5&did=72399&fl=%2Fpublications%2Fmp4%2Farchive%2Fdc051345.mp4,Video describing the flooding in winter 1982/spring 1983
,,,,http://digitallibrary.utah.gov/awweb/pdfopener?sid=3FDCAF5D731535AFD251C8869339D7D5&did=72409&fl=%2Fpublications%2Fmp4%2Fdc051346.mp4,Live footage from the Salt Lake City fire department
,,,,https://collections.lib.utah.edu/details?id=457055,"Flooding on Thirteenth (13th) South by freeway, Salt Lake City, Utah, 1983"
,,,,https://collections.lib.utah.edu/details?id=228606,Little Cottonwood Creek floods park near bridge
,,,,https://collections.lib.utah.edu/details?id=127658,Deseret flood 1983
,2002 Olympics,,https://collections.lib.utah.edu/details?id=981969,,Salt Lake during the 2002 Salt Lake Winter Olympic Games
,,,,https://collections.lib.utah.edu/details?id=981967,"Biathlon start/finish area at Soldier's Hollow, Utah, in 2002"
,,,,https://collections.lib.utah.edu/details?id=508051,"SIGN, OLYMPIC AND PARALYMPIC TICKETS, SMITH'S TIX"
,,,,https://collections.lib.utah.edu/details?id=981952,"Nikki Stone, Muhammad Ali, and Bill Spencer"
,,,,https://collections.lib.utah.edu/details?id=981950,"Bill Spencer, Nikki Stone and other athletes disembark with Mitt Romney and his wife"
,,,,http://digitallibrary.utah.gov/awweb/pdfopener?sid=EA5D6D8E1F1DFEF25377D624F15661F6&did=72799&fl=%2Fpublications%2Fpdf%2Fdc051555.pdf#toolbar=0,Summary of 2002 Salt Lake Olympic Winter Games