age,Pageviews,Unique Pageviews,Avg. Time on Page,Entrances,Bounce Rate,% Exit,Page Value
mwdl.org/collections/collections.php,401,219,00:00:35,189,28.04%,23.44%,$0.00
mwdl.org/collections/pCollections.php,112,51,00:00:56,0,0.00%,11.61%,$0.00
mwdl.org/partners/partners.php,96,72,00:01:08,38,28.95%,27.08%,$0.00
www.mwdl.org/collections/collections.php,72,44,00:00:52,32,28.12%,25.00%,$0.00
mwdl.org/getinvolved/policies.php,65,50,00:02:59,40,75.00%,63.08%,$0.00
mwdl.org/portals/ead.php,64,16,00:02:19,5,40.00%,15.62%,$0.00
mwdl.org/collections/aCollections.php,44,27,00:00:50,0,0.00%,6.82%,$0.00
www.mwdl.org/portals/ead.php,40,6,00:00:29,3,33.33%,12.50%,$0.00
mwdl.org/index.php,32,25,00:01:32,24,70.83%,68.75%,$0.00
mwdl.org/partners/OremUTPublicLibrary.php,27,15,00:01:26,0,0.00%,7.41%,$0.00
mwdl.org/partners/UniversityofUtahJWillardMarriottLibrary.php,24,14,00:01:00,0,0.00%,0.00%,$0.00
mwdl.org/collections/AmericanWestwardMigration.php,19,14,00:00:33,0,0.00%,31.58%,$0.00
mwdl.org/portals/pioneers.php,19,12,00:02:03,9,66.67%,57.89%,$0.00
www.mwdl.org/partners/partners.php,19,15,00:00:08,5,20.00%,26.32%,$0.00
mwdl.org/collections/CityofOremUT.php,14,9,00:00:40,0,0.00%,14.29%,$0.00
mwdl.org/getinvolved/repository_setup.php,13,12,00:00:40,4,75.00%,53.85%,$0.00
mwdl.org/partners/BoiseStateUniversityAlbertsonsLibrary.php,13,11,00:02:36,4,75.00%,53.85%,$0.00
mwdl.org/dpla/about_dpla.php,11,10,00:00:16,8,87.50%,63.64%,$0.00
mwdl.org/partners/BrighamYoungUniversityHaroldBLeeLibrary.php,11,9,00:02:21,0,0.00%,18.18%,$0.00
mwdl.org/collections/1282.php,10,7,00:01:02,7,85.71%,70.00%,$0.00
mwdl.org/partners/BuffaloBillCenteroftheWestMcCrackenResearchLibrary.php,10,8,00:00:18,0,0.00%,20.00%,$0.00
mwdl.org/amppartners/UniversityofUtahJWillardMarriottLibrary.php,9,2,00:00:17,0,0.00%,0.00%,$0.00
mwdl.org/getinvolved/oai_queries.php,9,9,00:00:31,5,100.00%,77.78%,$0.00
mwdl.org/partners/UtahValleyUniversityLibrary.php,9,7,00:01:01,1,100.00%,11.11%,$0.00
www.mwdl.org/collections/FrankLloydWrightWasmuthPortfolio.php,9,7,00:00:53,6,66.67%,77.78%,$0.00
mwdl.org/collections/JohnWesleyPowellCollection.php,8,7,00:00:21,0,0.00%,12.50%,$0.00
mwdl.org/collections/KarlBodmerAquatintCollection.php,8,4,00:01:11,0,0.00%,0.00%,$0.00
mwdl.org/collections/VietnamEraOralHistoryProject.php,8,6,00:03:37,0,0.00%,12.50%,$0.00
mwdl.org/collections/WestminsterCollegePhotographCollection.php,8,7,00:00:09,0,0.00%,25.00%,$0.00
mwdl.org/collections/HealthEducationAssetsLibrary.php,7,6,00:00:10,3,66.67%,85.71%,$0.00
mwdl.org/collections/MS021YellowstoneNationalPark.php,7,7,00:00:50,0,0.00%,42.86%,$0.00
mwdl.org/getinvolved/becomePartner.php,7,6,00:00:50,3,0.00%,0.00%,$0.00
www.mwdl.org/collections/OgdenChurchesandSchools.php,7,4,00:03:36,3,33.33%,42.86%,$0.00
mwdl.org/collections/ProvoUTCityLibraryHistoricalPhotographs.php,6,3,00:02:11,0,0.00%,33.33%,$0.00
mwdl.org/collections/ThornePhotographCollection.php,6,5,00:00:07,0,0.00%,33.33%,$0.00
mwdl.org/collections/TopazMuseumCollection.php,6,4,00:00:26,0,0.00%,16.67%,$0.00
mwdl.org/partners/ProvoUTCityLibrary.php,6,4,00:00:04,0,0.00%,0.00%,$0.00
mwdl.org/partners/SaltLakeCommunityCollegeLibraries.php,6,2,00:00:09,0,0.00%,0.00%,$0.00
mwdl.org/partners/UniversityofOregonLibraries.php,6,2,00:00:04,0,0.00%,0.00%,$0.00
test.mwdl.org/collections/collections.php,6,5,00:01:53,1,0.00%,0.00%,$0.00
mwdl.org/collections/1038.php,5,3,00:00:43,3,33.33%,40.00%,$0.00
mwdl.org/collections/DardHunterBookCollection.php,5,5,00:00:15,0,0.00%,20.00%,$0.00
mwdl.org/collections/DialogueAJournalofMormonThought.php,5,4,00:00:11,0,0.00%,0.00%,$0.00
mwdl.org/collections/FrankBeckwithCollection.php,5,5,00:00:18,0,0.00%,40.00%,$0.00
mwdl.org/collections/GreatBasinAssociationPhotographs.php,5,5,00:00:27,0,0.00%,40.00%,$0.00
mwdl.org/collections/GreatBasinNationalHeritageAreaOralHistories.php,5,4,00:02:15,2,100.00%,60.00%,$0.00
mwdl.org/collections/LatinoVoicesofCacheValley.php,5,2,00:01:14,0,0.00%,0.00%,$0.00
mwdl.org/collections/SaltLakeCommunityCollegeAudiovisualArchives.php,5,4,00:00:12,2,50.00%,40.00%,$0.00
mwdl.org/collections/SaltLakeCommunityCollegePhotographArchives.php,5,2,00:00:06,0,0.00%,20.00%,$0.00
mwdl.org/collections/VeteransofIraqandAfghanistanOralHistoryCollection.php,5,3,00:00:26,0,0.00%,20.00%,$0.00
mwdl.org/partners/AmericanForkCityUTPublicLibrary.php,5,4,00:00:04,0,0.00%,0.00%,$0.00
mwdl.org/partners/SaltLakeCityUTPublicLibrary.php,5,2,00:00:33,0,0.00%,20.00%,$0.00
mwdl.org/partners/WestminsterCollegeGiovaleLibrary.php,5,4,00:00:09,0,0.00%,0.00%,$0.00
test.mwdl.org/collections/CityofOremUT.php,5,3,00:00:39,0,0.00%,20.00%,$0.00
www.mwdl.org/ampcollections/HealthEducationAssetsLibrary.php,5,3,00:01:31,3,33.33%,60.00%,$0.00
www.mwdl.org/ampcollections/SanpeteCountyUtahCountyClerkDeathRegister.php,5,3,00:01:22,3,66.67%,60.00%,$0.00
www.mwdl.org/partners/UniversityofUtahJWillardMarriottLibrary.php,5,5,00:00:11,1,100.00%,40.00%,$0.00
mwdl.org/ampcollections/ThornePhotographCollection.php,4,1,00:00:45,0,0.00%,0.00%,$0.00
mwdl.org/collections/BannerMiningandMillingCompany.php,4,3,00:00:06,0,0.00%,0.00%,$0.00
mwdl.org/collections/CarbonCountyCookbook.php,4,2,00:00:55,0,0.00%,25.00%,$0.00
mwdl.org/collections/ColoradoRiverbedCase.php,4,3,00:00:27,0,0.00%,0.00%,$0.00
mwdl.org/collections/DaughtersoftheUtahPioneersSpringvilleUT.php,4,4,00:00:03,0,0.00%,75.00%,$0.00
mwdl.org/collections/FolkBistro.php,4,4,00:01:41,0,0.00%,0.00%,$0.00
mwdl.org/collections/HistoricalAmericanForkUT.php,4,2,00:00:13,0,0.00%,0.00%,$0.00
mwdl.org/collections/MovingImageArchive.php,4,2,00:00:11,0,0.00%,25.00%,$0.00
mwdl.org/collections/ShiplerCommercialPhotographers.php,4,3,00:00:49,0,0.00%,0.00%,$0.00
mwdl.org/collections/TrailsofHopeOverlandBiographies18461869.php,4,4,00:00:56,0,0.00%,0.00%,$0.00
mwdl.org/partners/DepartmentofHeritageandArts.php,4,3,00:00:13,0,0.00%,25.00%,$0.00
mwdl.org/partners/UintahCountyUTLibrary.php,4,4,00:04:07,1,0.00%,25.00%,$0.00
test.mwdl.org/collections/pCollections.php,4,2,00:03:15,0,0.00%,50.00%,$0.00
www.mwdl.org/ampcollections/EllisReynoldsShippPapers.php,4,1,00:02:32,0,0.00%,25.00%,$0.00
www.mwdl.org/collections/aCollections.php,4,2,00:00:19,0,0.00%,25.00%,$0.00
www.mwdl.org/collections/ArabicPapyrusParchmentandPaperCollection.php,4,3,00:00:14,2,0.00%,50.00%,$0.00
www.mwdl.org/collections/WilliamEdwardHookGlassNegativeCollection.php,4,3,00:01:59,2,50.00%,50.00%,$0.00
www.mwdl.org/getinvolved/policies.php,4,3,00:03:42,1,0.00%,50.00%,$0.00
www.mwdl.org/OldSite/index.php,4,2,00:00:35,2,50.00%,50.00%,$0.00
www.mwdl.org/portals/pioneers.php,4,3,00:00:24,1,0.00%,0.00%,$0.00
mwdl.org/aboutCollections.php,3,2,00:01:44,0,0.00%,0.00%,$0.00
mwdl.org/ampcollections/AllenLeighPhotographs.php,3,2,00:00:29,1,0.00%,0.00%,$0.00
mwdl.org/ampcollections/DardHunterBookCollection.php,3,2,00:01:39,0,0.00%,33.33%,$0.00
mwdl.org/ampcollections/LessonsTheJournaloftheCenterforTeachingandLearningExcellence.php,3,2,00:00:09,0,0.00%,0.00%,$0.00
mwdl.org/amppartners/SouthernUtahUniversitySherrattLibrary.php,3,1,00:00:24,0,0.00%,0.00%,$0.00
mwdl.org/collections/2096.php,3,2,00:00:31,2,50.00%,66.67%,$0.00
mwdl.org/collections/2155.php,3,3,00:00:00,3,100.00%,100.00%,$0.00
mwdl.org/collections/AllenLeighPhotographs.php,3,2,00:00:04,1,0.00%,33.33%,$0.00
mwdl.org/collections/AmericanForkCityUTRoyalty.php,3,2,00:00:09,0,0.00%,0.00%,$0.00
mwdl.org/collections/CacheDaughtersofUtahPioneersMuseumCollection.php,3,3,00:00:00,1,0.00%,66.67%,$0.00
mwdl.org/collections/CharlesRSavagePhotographs1.php,3,2,00:00:05,0,0.00%,33.33%,$0.00
mwdl.org/collections/EcclesDavidBusinessChurchandPersonalCorrespondence.php,3,3,00:00:22,0,0.00%,66.67%,$0.00
mwdl.org/collections/FrankLloydWrightWasmuthPortfolio.php,3,3,00:00:13,1,100.00%,33.33%,$0.00
mwdl.org/collections/HarmoniaMacrocosmica.php,3,3,00:00:11,0,0.00%,66.67%,$0.00
mwdl.org/collections/IronCountyUTExtensionOfficePhotographs.php,3,2,00:00:14,2,50.00%,66.67%,$0.00
mwdl.org/collections/MS25CoburnCollection.php,3,2,00:00:06,0,0.00%,0.00%,$0.00
mwdl.org/collections/MS32EdwardBeckerCollectionofIndianPhotographs.php,3,3,00:03:47,0,0.00%,0.00%,$0.00
mwdl.org/collections/MusicTempleVisitorsRegister.php,3,2,00:00:11,0,0.00%,0.00%,$0.00
mwdl.org/collections/SaltLakeCityPublicLibrarySpecialCollections.php,3,3,00:00:10,0,0.00%,0.00%,$0.00
mwdl.org/collections/ShowgirlsCollection.php,3,2,00:00:17,0,0.00%,33.33%,$0.00
mwdl.org/collections/Utah2002OlympicLegacyCollection.php,3,2,00:00:24,0,0.00%,0.00%,$0.00
mwdl.org/collections/UtahPeaceActivistsOralHistory.php,3,2,00:00:08,0,0.00%,0.00%,$0.00
mwdl.org/collections/WesternWatersDocuments.php,3,3,00:00:05,0,0.00%,0.00%,$0.00
mwdl.org/collections/WesternWatersPhotographCollection.php,3,2,00:00:01,0,0.00%,33.33%,$0.00
mwdl.org/events/360imageCapture.php,3,1,00:01:57,1,0.00%,33.33%,$0.00
mwdl.org/getinvolved/becomeMember.php,3,3,00:00:12,0,0.00%,33.33%,$0.00
mwdl.org/partners/105.php,3,1,00:00:19,0,0.00%,0.00%,$0.00
mwdl.org/partners/119.php,3,3,00:00:03,1,100.00%,66.67%,$0.00
mwdl.org/partners/GreatBasinAssociation.php,3,2,00:07:46,0,0.00%,33.33%,$0.00
mwdl.org/partners/ProvoUTCity.php,3,3,00:02:00,2,0.00%,33.33%,$0.00
mwdl.org/partners/UtahMuseumofContemporaryArt.php,3,2,00:00:18,2,0.00%,0.00%,$0.00
mwdl.org/partners/WeberStateUniversityStewartLibrary.php,3,3,00:01:32,0,0.00%,0.00%,$0.00
test.mwdl.org/partners/OremUTPublicLibrary.php,3,3,00:00:15,1,0.00%,33.33%,$0.00
www.mwdl.org/collections/GreatBasinMuseumCollection.php,3,2,00:00:06,1,0.00%,33.33%,$0.00
www.mwdl.org/collections/GreatBasinNationalHeritageAreaOralHistories.php,3,2,00:00:08,1,0.00%,0.00%,$0.00
www.mwdl.org/collections/HiramBClawsonPapers.php,3,2,00:01:24,1,0.00%,33.33%,$0.00
www.mwdl.org/collections/MormonPacificHistoricalSociety.php,3,3,00:00:00,3,100.00%,100.00%,$0.00
www.mwdl.org/collections/MS021YellowstoneNationalPark.php,3,3,00:00:03,0,0.00%,0.00%,$0.00
www.mwdl.org/collections/MS228BuffaloBillMuseumPhotographs.php,3,3,00:00:06,0,0.00%,0.00%,$0.00
www.mwdl.org/collections/pCollections.php,3,2,00:01:00,0,0.00%,0.00%,$0.00
www.mwdl.org/collections/WestminsterCollegeInstitutionalRepository.php,3,3,00:01:29,2,0.00%,33.33%,$0.00
www.mwdl.org/index.php,3,3,00:00:47,3,33.33%,66.67%,$0.00
www.mwdl.org/partners/GreatBasinMuseum.php,3,2,00:00:04,1,100.00%,33.33%,$0.00
www.mwdl.org/partners/GreatBasinNationalHeritagePartnership.php,3,1,00:00:04,0,0.00%,33.33%,$0.00
www.mwdl.org/partners/UniversityofNevadaLasVegasUniversityLibraries.php,3,3,00:09:36,2,100.00%,66.67%,$0.00
www.mwdl.org/partners/WeberStateUniversityStewartLibrary.php,3,3,00:00:45,1,0.00%,33.33%,$0.00
mwdl.org/aboutCollections.php/byInstitution/39,2,1,00:09:20,1,0.00%,50.00%,$0.00
mwdl.org/ampcollections/CacheDaughtersofUtahPioneersMuseumCollection.php,2,2,00:00:00,1,100.00%,100.00%,$0.00
mwdl.org/ampcollections/FifeSlideCollectionofWesternUSVernacularArchitecture.php,2,1,00:01:10,0,0.00%,0.00%,$0.00
mwdl.org/ampcollections/FrankLloydWrightWasmuthPortfolio.php,2,1,00:00:26,0,0.00%,0.00%,$0.00
mwdl.org/ampcollections/GreatBasinMuseumCollection.php,2,1,00:00:17,0,0.00%,0.00%,$0.00
mwdl.org/ampcollections/GreenRiverLaunchComplexUSAirForce.php,2,1,00:00:09,0,0.00%,0.00%,$0.00
mwdl.org/ampcollections/JournalofDiscourses.php,2,1,00:00:53,0,0.00%,0.00%,$0.00
mwdl.org/ampcollections/LandUseTransportationScenarioPlanning.php,2,1,00:00:52,0,0.00%,0.00%,$0.00
mwdl.org/ampcollections/MiltJolleyPhotographs.php,2,1,00:00:07,0,0.00%,50.00%,$0.00
mwdl.org/ampcollections/MusicTempleVisitorsRegister.php,2,1,00:00:27,0,0.00%,0.00%,$0.00
mwdl.org/ampcollections/NeuroOphthalmologyWilliamFHoytCollection.php,2,1,00:01:22,0,0.00%,0.00%,$0.00
mwdl.org/ampcollections/ShowgirlsCollection.php,2,1,00:02:22,0,0.00%,0.00%,$0.00
mwdl.org/ampcollections/UtonianYearbooks.php,2,1,00:00:24,0,0.00%,0.00%,$0.00
mwdl.org/ampcollections/WesternWatersPhotographCollection.php,2,2,00:01:44,0,0.00%,0.00%,$0.00
mwdl.org/ampcollections/WestminsterCollegePhotographCollection.php,2,1,00:00:09,0,0.00%,0.00%,$0.00
mwdl.org/amppartners/BuffaloBillCenteroftheWestMcCrackenResearchLibrary.php,2,2,00:01:34,0,0.00%,0.00%,$0.00
mwdl.org/amppartners/TopazMuseumDeltaUT.php,2,1,00:00:13,0,0.00%,0.00%,$0.00
mwdl.org/amppartners/UintahCountyUTLibrary.php,2,1,00:00:02,0,0.00%,0.00%,$0.00
mwdl.org/amppartners/UniversityofUtahSpencerSEcclesHealthSciencesLibrary.php,2,1,00:00:03,0,0.00%,0.00%,$0.00
mwdl.org/amppartners/WestminsterCollegeGiovaleLibrary.php,2,1,00:00:03,0,0.00%,0.00%,$0.00
mwdl.org/collections/1123.php,2,1,00:00:15,1,0.00%,50.00%,$0.00
mwdl.org/collections/1792.php,2,1,00:00:11,0,0.00%,0.00%,$0.00
mwdl.org/collections/1826.php,2,1,00:00:14,0,0.00%,0.00%,$0.00
mwdl.org/collections/2299.php,2,1,00:00:23,0,0.00%,0.00%,$0.00
mwdl.org/collections/AgriculturalCollegeofUtahCyanotypeCollection.php,2,2,00:00:11,0,0.00%,0.00%,$0.00
mwdl.org/collections/BearLakeMonster.php,2,1,00:00:16,0,0.00%,0.00%,$0.00
mwdl.org/collections/BrighamYoungUniversityHistoricalPhotographsWalterMCampCollection.php,2,2,00:00:32,1,0.00%,50.00%,$0.00
mwdl.org/collections/BrighamYoungUniversitySpecialCollectionsMiscellaneous.php,2,1,00:00:06,0,0.00%,0.00%,$0.00
mwdl.org/collections/CharlesFordPhotographs.php,2,1,00:00:09,0,0.00%,0.00%,$0.00
mwdl.org/collections/CharlesRSavagePhotographs2.php,2,1,00:00:50,0,0.00%,0.00%,$0.00
mwdl.org/collections/CivilianConservationCorpsinUtah.php,2,1,00:00:10,0,0.00%,0.00%,$0.00
mwdl.org/collections/DeeSchoolofNursingOralHistoryProjectandYearbooks.php,2,1,00:00:15,0,0.00%,0.00%,$0.00
mwdl.org/collections/DidymusPapyri.php,2,2,00:00:09,0,0.00%,50.00%,$0.00
mwdl.org/collections/DorisUlmannPhotographs.php,2,2,00:00:08,0,0.00%,0.00%,$0.00
mwdl.org/collections/EverettLCooleyOralHistoryProject.php,2,2,00:00:00,2,100.00%,100.00%,$0.00
mwdl.org/collections/FrankandBethineChurchCollection.php,2,2,00:01:03,0,0.00%,0.00%,$0.00
mwdl.org/collections/GracieBPfost.php,2,1,00:00:08,0,0.00%,0.00%,$0.00
mwdl.org/collections/HarrisvilleCityVirtualHistoryMuseum.php,2,1,00:00:51,0,0.00%,0.00%,$0.00
mwdl.org/collections/HistoricBoiseStateCollection.php,2,2,00:00:02,0,0.00%,50.00%,$0.00
mwdl.org/collections/HistoryofShelleyID.php,2,2,00:00:24,0,0.00%,0.00%,$0.00
mwdl.org/collections/LessonsTheJournaloftheCenterforTeachingandLearningExcellence.php,2,2,00:00:01,0,0.00%,0.00%,$0.00
mwdl.org/collections/MonumentalHighwayCollection.php,2,1,00:00:20,0,0.00%,0.00%,$0.00
mwdl.org/collections/NevadainMaps.php,2,2,00:01:22,0,0.00%,0.00%,$0.00
mwdl.org/collections/NevadaTestSiteOralHistoryProject.php,2,1,00:01:39,0,0.00%,0.00%,$0.00
mwdl.org/collections/NoOnOneCoalition.php,2,1,00:00:09,1,0.00%,50.00%,$0.00
mwdl.org/collections/OgdenChurchesandSchools.php,2,1,00:00:06,0,0.00%,0.00%,$0.00
mwdl.org/collections/OremUTSchoolYearbooks.php,2,2,00:00:25,1,100.00%,50.00%,$0.00
mwdl.org/collections/RegreeningofCacheValley.php,2,2,00:01:48,1,0.00%,50.00%,$0.00
mwdl.org/collections/SagebrushVernacularRuralArchitectureinNevada.php,2,1,00:00:58,0,0.00%,0.00%,$0.00
mwdl.org/collections/SanbornFireInsuranceMaps.php,2,2,00:02:37,0,0.00%,0.00%,$0.00
mwdl.org/collections/StacksIdahosDigitalRepositoryIdahoDepartmentofAdministration.php,2,1,00:06:40,0,0.00%,0.00%,$0.00
mwdl.org/collections/TellingOurStoryAnOralHistoryofUtahValleyUniversity.php,2,2,00:00:01,1,0.00%,50.00%,$0.00
mwdl.org/collections/UniversityofUtahRareBooksCollection.php,2,2,00:00:19,0,0.00%,0.00%,$0.00
mwdl.org/collections/UtahGovernorsOlympicCollection.php,2,1,00:00:23,0,0.00%,0.00%,$0.00
mwdl.org/collections/UtahPressAssociationUPAACenturyLater.php,2,2,00:00:32,0,0.00%,0.00%,$0.00
mwdl.org/collections/UtahSkiArchivesNewsletter.php,2,2,00:00:46,0,0.00%,0.00%,$0.00
mwdl.org/collections/UtahTerritorialStatehouseStateParkMuseum.php,2,2,00:00:00,0,0.00%,100.00%,$0.00
mwdl.org/collections/UtonianYearbooks.php,2,1,00:00:48,0,0.00%,0.00%,$0.00
mwdl.org/collections/WelcomeHomeHowardHowardHughesPhotographCollection.php,2,2,00:01:04,0,0.00%,0.00%,$0.00
mwdl.org/collections/WesternWatersBookCollection.php,2,1,00:00:11,0,0.00%,0.00%,$0.00
mwdl.org/collections/WesternWatersDiaryCollection.php,2,1,00:00:16,0,0.00%,0.00%,$0.00
mwdl.org/collections/WesternWatersElectronicResources.php,2,1,00:00:10,0,0.00%,0.00%,$0.00
mwdl.org/collections/WheelerHistoricFarmPhotographs.php,2,2,00:00:23,0,0.00%,0.00%,$0.00
mwdl.org/collections/WilliamEdwardHookGlassNegativeCollection.php,2,2,00:12:12,0,0.00%,0.00%,$0.00
mwdl.org/getinvolved/memberprogram.php,2,2,00:00:04,0,0.00%,50.00%,$0.00
mwdl.org/maps/map_counties.php,2,2,00:01:19,0,0.00%,50.00%,$0.00
mwdl.org/OldSite/aboutCollections.php,2,1,00:00:15,0,0.00%,0.00%,$0.00
mwdl.org/OldSite/index.php,2,1,00:00:14,0,0.00%,0.00%,$0.00
mwdl.org/partners/GreatBasinMuseum.php,2,1,00:00:30,0,0.00%,0.00%,$0.00
mwdl.org/partners/IdahoCommissionforLibraries.php,2,1,00:00:03,0,0.00%,0.00%,$0.00
mwdl.org/partners/SnowCollegeLibraries.php,2,2,00:03:05,0,0.00%,0.00%,$0.00
mwdl.org/partners/SouthernUtahUniversitySherrattLibrary.php,2,2,00:00:05,0,0.00%,0.00%,$0.00
mwdl.org/partners/UtahStateUniversityMerrillCazierLibrary.php,2,2,00:13:15,0,0.00%,0.00%,$0.00
test.mwdl.org/collections/RootsofKnowledgeBehindtheScenes.php,2,2,00:00:13,0,0.00%,0.00%,$0.00
test.mwdl.org/partners/partners.php,2,2,00:00:08,1,0.00%,0.00%,$0.00
test.mwdl.org/partners/WeberStateUniversityStewartLibrary.php,2,1,00:00:11,0,0.00%,0.00%,$0.00
test.mwdl.org/portals/ead.php,2,1,00:00:05,0,0.00%,0.00%,$0.00
www.mwdl.org/ampcollections/LettersofPhilipIIKingofSpain.php,2,1,00:06:02,1,0.00%,50.00%,$0.00
www.mwdl.org/ampcollections/OgdenUtahCityRecorderMayorsPhotographs.php,2,1,00:01:29,1,0.00%,50.00%,$0.00
www.mwdl.org/ampcollections/UtahBoardofPardonsPrisonerPardonApplicationCaseFiles.php,2,1,00:01:31,1,0.00%,50.00%,$0.00
www.mwdl.org/ampcollections/UtahGovernorWilliamSpry19091917JosephHillstromCorrespondence.php,2,2,00:00:00,2,100.00%,100.00%,$0.00
www.mwdl.org/amppartners/DepartmentofHeritageandArts.php,2,1,00:00:11,0,0.00%,0.00%,$0.00
www.mwdl.org/collections/AmericanWestwardMigration.php,2,2,00:00:32,0,0.00%,0.00%,$0.00
www.mwdl.org/collections/BarreToelkenFieldworkImageCollection.php,2,1,00:00:59,1,0.00%,50.00%,$0.00
www.mwdl.org/collections/BrighamYoungUniversityFamilyHistories.php,2,2,00:00:00,2,100.00%,100.00%,$0.00
www.mwdl.org/collections/ColoradoRiverbedCase.php,2,2,00:00:03,0,0.00%,50.00%,$0.00
www.mwdl.org/collections/DaughtersoftheUtahPioneersCedarCityUT.php,2,1,00:00:20,1,0.00%,50.00%,$0.00
www.mwdl.org/collections/EcclesDavidBusinessChurchandPersonalCorrespondence.php,2,2,00:00:23,1,0.00%,50.00%,$0.00
www.mwdl.org/collections/GoldenSpikeOralHistoryPapers.php,2,1,00:00:22,1,0.00%,50.00%,$0.00
www.mwdl.org/collections/HealthEducationAssetsLibrary.php,2,2,00:00:00,2,100.00%,100.00%,$0.00
www.mwdl.org/collections/IronMiningDistrictIronCountyUT.php,2,2,00:03:12,1,100.00%,50.00%,$0.00
www.mwdl.org/collections/LettersofPhilipIIKingofSpain.php,2,2,00:00:00,2,100.00%,100.00%,$0.00
www.mwdl.org/collections/SagaoftheSanpitch.php,2,2,00:08:07,0,0.00%,0.00%,$0.00
www.mwdl.org/collections/SouthernUtahStateCollege.php,2,2,00:00:25,1,0.00%,50.00%,$0.00
www.mwdl.org/collections/ThornePhotographCollection.php,2,2,00:00:24,1,100.00%,50.00%,$0.00
www.mwdl.org/collections/UniversityofUtahRareBooksCollection.php,2,1,00:00:08,0,0.00%,50.00%,$0.00
www.mwdl.org/collections/UtahConstructionCompanyHistorybyERLubbers.php,2,2,00:00:00,1,100.00%,100.00%,$0.00
www.mwdl.org/collections/UtonianYearbooks.php,2,2,00:00:00,2,100.00%,100.00%,$0.00
www.mwdl.org/collections/WesternWatersElectronicResources.php,2,1,00:00:22,0,0.00%,50.00%,$0.00
www.mwdl.org/getinvolved/becomeMember.php,2,1,00:00:11,0,0.00%,0.00%,$0.00
www.mwdl.org/partners/DaughtersoftheUtahPioneersCedarCityUT.php,2,1,00:04:22,0,0.00%,0.00%,$0.00
www.mwdl.org/partners/UtahStateArchives.php,2,2,00:00:04,1,100.00%,50.00%,$0.00
www.mwdl.org/partners/UtahStateUniversityMerrillCazierLibrary.php,2,1,00:00:24,0,0.00%,0.00%,$0.00
www.mwdl.org/partners/UtahValleyUniversityLibrary.php,2,2,00:00:00,2,100.00%,100.00%,$0.00
www.mwdl.org/partners/WestminsterCollegeGiovaleLibrary.php,2,1,00:00:05,0,0.00%,0.00%,$0.00
mwdl.org/about.php,1,1,00:00:00,0,0.00%,100.00%,$0.00
mwdl.org/ampcollections/BranchNormalSchoolPhotographs.php,1,1,00:00:04,0,0.00%,0.00%,$0.00
mwdl.org/ampcollections/CivilianConservationCorpsinUtah.php,1,1,00:00:00,0,0.00%,100.00%,$0.00
mwdl.org/ampcollections/ClowardCollectionofWesternAmericanArt.php,1,1,00:14:57,0,0.00%,0.00%,$0.00
mwdl.org/ampcollections/ColoradoRiverbedCase.php,1,1,00:00:53,0,0.00%,0.00%,$0.00
mwdl.org/ampcollections/DepartmentofHeritageandArtsClassifiedPhotographCollection.php,1,1,00:01:08,0,0.00%,0.00%,$0.00
mwdl.org/ampcollections/DialogueAJournalofMormonThought.php,1,1,00:00:00,0,0.00%,100.00%,$0.00
mwdl.org/ampcollections/DixieNationalForestUTPhotographs.php,1,1,00:00:00,0,0.00%,100.00%,$0.00
mwdl.org/ampcollections/FrankBeckwithCollection.php,1,1,00:00:14,0,0.00%,0.00%,$0.00
mwdl.org/ampcollections/IronCountyUTExtensionOfficePhotographs.php,1,1,00:00:00,0,0.00%,100.00%,$0.00
mwdl.org/ampcollections/JosephEllisJohnsonPapers.php,1,1,00:00:00,0,0.00%,100.00%,$0.00
mwdl.org/ampcollections/MovingImageArchive.php,1,1,00:00:10,0,0.00%,0.00%,$0.00
mwdl.org/ampcollections/MS021YellowstoneNationalPark.php,1,1,00:00:04,0,0.00%,0.00%,$0.00
mwdl.org/ampcollections/UniversityofNevadaRenoArchivesDocuments.php,1,1,00:00:18,0,0.00%,0.00%,$0.00
mwdl.org/ampcollections/UniversityofUtahPhotographArchives.php,1,1,00:00:37,0,0.00%,0.00%,$0.00
mwdl.org/ampcollections/UniversityofUtahRareBooksCollection.php,1,1,00:00:13,0,0.00%,0.00%,$0.00
mwdl.org/ampcollections/WesternWatersElectronicResources.php,1,1,00:01:47,0,0.00%,0.00%,$0.00
mwdl.org/amppartners/DepartmentofHeritageandArts.php,1,1,00:00:03,0,0.00%,0.00%,$0.00
mwdl.org/amppartners/ProvoUTCityLibrary.php,1,1,00:00:00,0,0.00%,100.00%,$0.00
mwdl.org/amppartners/SnowCollegeLibraries.php,1,1,00:00:00,0,0.00%,100.00%,$0.00
mwdl.org/collections/1006.php,1,1,00:00:00,1,100.00%,100.00%,$0.00
mwdl.org/collections/1050.php,1,1,00:00:00,1,100.00%,100.00%,$0.00
mwdl.org/collections/1061.php,1,1,00:00:00,1,100.00%,100.00%,$0.00
mwdl.org/collections/1129.php,1,1,00:00:00,0,0.00%,100.00%,$0.00
mwdl.org/collections/1158.php,1,1,00:00:00,1,100.00%,100.00%,$0.00
mwdl.org/collections/1279.php,1,1,00:00:00,1,100.00%,100.00%,$0.00
mwdl.org/collections/1628.php,1,1,00:00:00,1,100.00%,100.00%,$0.00
mwdl.org/collections/2156.php,1,1,00:00:00,1,100.00%,100.00%,$0.00
mwdl.org/collections/2164.php,1,1,00:00:00,1,100.00%,100.00%,$0.00
mwdl.org/collections/AlfredGEricksonPhotographCollection.php,1,1,00:00:16,1,0.00%,0.00%,$0.00
mwdl.org/collections/AmericanFolkloreSocietyPapers.php,1,1,00:00:00,0,0.00%,100.00%,$0.00
mwdl.org/collections/AngelusStudiophotographs1880s1940s.php,1,1,00:00:10,0,0.00%,0.00%,$0.00
mwdl.org/collections/ArborglyphsonPeavine.php,1,1,00:00:00,0,0.00%,100.00%,$0.00
mwdl.org/collections/BensonInstituteTheses.php,1,1,00:00:06,0,0.00%,0.00%,$0.00
mwdl.org/collections/BrighamYoungUniversityFamilyHistorian.php,1,1,00:00:15,0,0.00%,0.00%,$0.00
mwdl.org/collections/BrighamYoungUniversityIdahoCampus.php,1,1,00:00:00,0,0.00%,100.00%,$0.00
mwdl.org/collections/CharlesSaladinoLandscapeArchitectureCollection.php,1,1,00:00:00,0,0.00%,100.00%,$0.00
mwdl.org/collections/ClowardCollectionofWesternAmericanArt.php,1,1,00:00:01,0,0.00%,0.00%,$0.00
mwdl.org/collections/DaughtersoftheUtahPioneersKaysvilleUTPhillipsCampBiographies.php,1,1,00:00:02,0,0.00%,0.00%,$0.00
mwdl.org/collections/DepartmentofHeritageandArtsClassifiedPhotographCollection.php,1,1,00:00:02,0,0.00%,0.00%,$0.00
mwdl.org/collections/DixieNationalForestUTPhotographs.php,1,1,00:00:01,0,0.00%,0.00%,$0.00
mwdl.org/collections/EdithIrvine.php,1,1,00:00:00,0,0.00%,100.00%,$0.00
mwdl.org/collections/EdwardFRhodenbaugh.php,1,1,00:00:13,0,0.00%,0.00%,$0.00
mwdl.org/collections/EmeryCountyUTHistoryPhotographs.php,1,1,00:00:00,0,0.00%,100.00%,$0.00
mwdl.org/collections/FifeSlideCollectionofWesternUSVernacularArchitecture.php,1,1,00:00:02,0,0.00%,0.00%,$0.00
mwdl.org/collections/GreatBasinMuseumCollection.php,1,1,00:00:01,0,0.00%,0.00%,$0.00
mwdl.org/collections/GreenRiverLaunchComplexUSAirForce.php,1,1,00:00:00,0,0.00%,0.00%,$0.00
mwdl.org/collections/HistoryinYourAttic.php,1,1,00:00:16,0,0.00%,0.00%,$0.00
mwdl.org/collections/HistoryofMonacoPrimaryDocuments.php,1,1,00:00:00,0,0.00%,100.00%,$0.00
mwdl.org/collections/IdahoWilderness.php,1,1,00:01:54,0,0.00%,0.00%,$0.00
mwdl.org/collections/JamesCloutierCollection.php,1,1,00:00:10,0,0.00%,0.00%,$0.00
mwdl.org/collections/JClaytonTullisUtahStateCapitolCollection.php,1,1,00:00:00,0,0.00%,100.00%,$0.00
mwdl.org/collections/JosephEllisJohnsonPapers.php,1,1,00:00:01,1,0.00%,0.00%,$0.00
mwdl.org/collections/JournalofDiscourses.php,1,1,00:00:00,0,0.00%,0.00%,$0.00
mwdl.org/collections/JustPassinThroughTheLincolnandVictoryHighwaysinNevada.php,1,1,00:01:51,0,0.00%,0.00%,$0.00
mwdl.org/collections/KathleenKittyGurnsey.php,1,1,00:00:04,0,0.00%,0.00%,$0.00
mwdl.org/collections/KUEDTopazRelocationCenterResidentsCollection.php,1,1,00:06:31,0,0.00%,0.00%,$0.00
mwdl.org/collections/LesbianIntentionalCommunityRuthMountaingroveb1923photographs.php,1,1,00:01:07,0,0.00%,0.00%,$0.00
mwdl.org/collections/LoganPublicLibraryLoganUtahDigitalCollection.php,1,1,00:00:00,0,0.00%,100.00%,$0.00
mwdl.org/collections/LymanWilburAfghanistan.php,1,1,00:00:09,0,0.00%,0.00%,$0.00
mwdl.org/collections/MiltJolleyPhotographs.php,1,1,00:00:02,1,0.00%,0.00%,$0.00
mwdl.org/collections/MormonPacificHistoricalSociety.php,1,1,00:00:03,0,0.00%,0.00%,$0.00
mwdl.org/collections/MS002VictorArlandCollection.php,1,1,00:00:11,0,0.00%,0.00%,$0.00
mwdl.org/collections/MS017CharlesRappCollection.php,1,1,00:00:03,0,0.00%,0.00%,$0.00
mwdl.org/collections/MS331WilliamClark.php,1,1,00:00:06,0,0.00%,0.00%,$0.00
mwdl.org/collections/MS5CodyLocalHistoryCollection.php,1,1,00:00:00,0,0.00%,100.00%,$0.00
mwdl.org/collections/NeuroOphthalmologyWilliamFHoytCollection.php,1,1,00:00:13,0,0.00%,0.00%,$0.00
mwdl.org/collections/OgdenUtahCityRecorderMayorsPhotographs.php,1,1,00:00:54,0,0.00%,0.00%,$0.00
mwdl.org/collections/OremUTHeritageMuseum.php,1,1,00:00:07,0,0.00%,0.00%,$0.00
mwdl.org/collections/ParkCityUTHistoricalSocietyandMuseumCollection.php,1,1,00:01:35,0,0.00%,0.00%,$0.00
mwdl.org/collections/PeteCennarusaCollection.php,1,1,00:00:14,0,0.00%,0.00%,$0.00
mwdl.org/collections/ProvoUTHistoricalImages.php,1,1,00:01:42,0,0.00%,0.00%,$0.00
mwdl.org/collections/SagaoftheSanpitch.php,1,1,00:00:04,0,0.00%,0.00%,$0.00
mwdl.org/collections/TrailsofHopeOverlandDiariesandLetters18461869.php,1,1,00:00:00,0,0.00%,100.00%,$0.00
mwdl.org/collections/TrailsofHopeOverlandMaps18461869.php,1,1,00:00:05,0,0.00%,0.00%,$0.00
mwdl.org/collections/UniversityofUtahArchivesPhotographCollection.php,1,1,00:01:21,0,0.00%,0.00%,$0.00
mwdl.org/collections/UniversityofUtahHealthSciencesPhotographCollection.php,1,1,00:00:48,0,0.00%,0.00%,$0.00
mwdl.org/collections/UniversityofUtahThesesandDissertations1.php,1,1,00:00:00,0,0.00%,100.00%,$0.00
mwdl.org/collections/UOArchivesPhotographs.php,1,1,00:00:08,0,0.00%,0.00%,$0.00
mwdl.org/collections/UtahMuseumofContemporaryArtCollection.php,1,1,00:00:22,0,0.00%,0.00%,$0.00
mwdl.org/collections/UtahTechnicalCollegeYearbooks.php,1,1,00:00:00,0,0.00%,100.00%,$0.00
mwdl.org/collections/VonDelChamberlainCulturalAstronomyCollection.php,1,1,00:00:00,0,0.00%,100.00%,$0.00
mwdl.org/collections/WesternWatersAudioVideoCollection.php,1,1,00:00:00,0,0.00%,100.00%,$0.00
mwdl.org/collections/WesternWatersTreatiesandCompacts.php,1,1,00:00:00,0,0.00%,100.00%,$0.00
mwdl.org/collections/WesternWritersSeriesDigitalEditions.php,1,1,00:00:25,0,0.00%,0.00%,$0.00
mwdl.org/collections/WestminsterCollegeInstitutionalRepository.php,1,1,00:00:32,0,0.00%,0.00%,$0.00
mwdl.org/collections/WilliamEBorah.php,1,1,00:00:34,0,0.00%,0.00%,$0.00
mwdl.org/collections/WilliamRPalmerPhotographs.php,1,1,00:00:00,0,0.00%,100.00%,$0.00
mwdl.org/collections/WomensWalkHonoringtheWomenofUtah.php,1,1,00:00:03,0,0.00%,0.00%,$0.00
mwdl.org/events/buildingOnlineExhibits2.php,1,1,00:00:15,0,0.00%,0.00%,$0.00
mwdl.org/events/events.php,1,1,00:00:00,1,100.00%,100.00%,$0.00
mwdl.org/events/plpworkshop.php,1,1,00:08:41,0,0.00%,0.00%,$0.00
mwdl.org/getinvolved/mwdl_discover.php,1,1,00:00:31,0,0.00%,0.00%,$0.00
mwdl.org/index.php/policy,1,1,00:00:00,1,100.00%,100.00%,$0.00
mwdl.org/maps/map_states.php,1,1,00:00:00,1,100.00%,100.00%,$0.00
mwdl.org/OldSite/collections/1129.php,1,1,00:01:16,0,0.00%,0.00%,$0.00
mwdl.org/partners/102.php,1,1,00:00:00,1,100.00%,100.00%,$0.00
mwdl.org/partners/128.php,1,1,00:00:00,1,100.00%,100.00%,$0.00
mwdl.org/partners/BrighamYoungUniversity.php,1,1,00:02:41,0,0.00%,0.00%,$0.00
mwdl.org/partners/BrighamYoungUniversityHawaii.php,1,1,00:00:43,0,0.00%,0.00%,$0.00
mwdl.org/partners/DaughtersoftheUtahPioneersSpringvilleUT.php,1,1,00:00:00,0,0.00%,100.00%,$0.00
mwdl.org/partners/DeltaUTCityLibrary.php,1,1,00:00:18,0,0.00%,0.00%,$0.00
mwdl.org/partners/EmeryCountyUTArchives.php,1,1,00:00:06,1,0.00%,0.00%,$0.00
mwdl.org/partners/NorthLoganCityUTLibrary.php,1,1,00:00:00,0,0.00%,100.00%,$0.00
mwdl.org/partners/TopazMuseumDeltaUT.php,1,1,00:00:00,0,0.00%,0.00%,$0.00
mwdl.org/partners/UniversityofNevadaLasVegasUniversityLibraries.php,1,1,00:02:11,0,0.00%,0.00%,$0.00
mwdl.org/partners/UniversityofNevadaRenoUniversityLibraries.php,1,1,00:00:04,0,0.00%,0.00%,$0.00
mwdl.org/partners/UniversityofUtahSpencerSEcclesHealthSciencesLibrary.php,1,1,00:00:01,0,0.00%,0.00%,$0.00
mwdl.org/partners/UtahStateArchives.php,1,1,00:00:00,1,100.00%,100.00%,$0.00
test.mwdl.org/collections/OremUTHeritageMuseum.php,1,1,00:03:08,0,0.00%,0.00%,$0.00
www.mwdl.org/ampcollections/AmericanForkCityUTRoyalty.php,1,1,00:00:00,1,100.00%,100.00%,$0.00
www.mwdl.org/ampcollections/ColoradoRiverbedCase.php,1,1,00:00:11,0,0.00%,0.00%,$0.00
www.mwdl.org/ampcollections/DaughtersoftheUtahPioneersCedarCityUT.php,1,1,00:00:00,1,100.00%,100.00%,$0.00
www.mwdl.org/ampcollections/EuropeanPerformanceArts16001899.php,1,1,00:00:00,1,100.00%,100.00%,$0.00
www.mwdl.org/ampcollections/FrankCallPhotographCollection19091911.php,1,1,00:00:00,1,100.00%,100.00%,$0.00
www.mwdl.org/ampcollections/FrankLloydWrightWasmuthPortfolio.php,1,1,00:00:00,1,100.00%,100.00%,$0.00
www.mwdl.org/ampcollections/JournalofDiscourses.php,1,1,00:00:00,1,100.00%,100.00%,$0.00
www.mwdl.org/ampcollections/MorganCountyHistoricalSocietyComoSpringsResort.php,1,1,00:00:00,1,100.00%,100.00%,$0.00
www.mwdl.org/ampcollections/MS007GeorgeArmstrongCusterCollection.php,1,1,00:00:00,1,100.00%,100.00%,$0.00
www.mwdl.org/ampcollections/OremUTSchoolYearbooks.php,1,1,00:00:00,1,100.00%,100.00%,$0.00
www.mwdl.org/ampcollections/SouthwestUtahLivestockAssociation.php,1,1,00:00:00,1,100.00%,100.00%,$0.00
www.mwdl.org/amppartners/GreatBasinNationalHeritagePartnership.php,1,1,00:00:00,1,100.00%,100.00%,$0.00
www.mwdl.org/amppartners/GreenRiverUTPublicLibrary.php,1,1,00:00:00,1,100.00%,100.00%,$0.00
www.mwdl.org/amppartners/NorthBinghamCountyIDDistrictLibrary.php,1,1,00:00:00,1,100.00%,100.00%,$0.00
www.mwdl.org/amppartners/TooeleUTCityLibrary.php,1,1,00:00:00,1,100.00%,100.00%,$0.00
www.mwdl.org/amppartners/UniversityofUtahSpencerSEcclesHealthSciencesLibrary.php,1,1,00:00:10,1,0.00%,0.00%,$0.00
www.mwdl.org/amppartners/UtahStateArchives.php,1,1,00:00:00,1,100.00%,100.00%,$0.00
www.mwdl.org/amppartners/UtahStateUniversityMerrillCazierLibrary.php,1,1,00:00:00,1,100.00%,100.00%,$0.00
www.mwdl.org/amppartners/WeberStateUniversityStewartLibrary.php,1,1,00:00:00,1,100.00%,100.00%,$0.00
www.mwdl.org/collections/AmericanForkCityUTRoyalty.php,1,1,00:00:00,1,100.00%,100.00%,$0.00
www.mwdl.org/collections/BearRiverWatershedHistoricalCollection.php,1,1,00:00:00,1,100.00%,100.00%,$0.00
www.mwdl.org/collections/BrighamYoungUniversityScholarsArchiveFolkloreProjects.php,1,1,00:00:00,1,100.00%,100.00%,$0.00
www.mwdl.org/collections/DailyEnquirerProvoUT1.php,1,1,00:00:00,1,100.00%,100.00%,$0.00
www.mwdl.org/collections/DialogueAJournalofMormonThought.php,1,1,00:00:00,0,0.00%,100.00%,$0.00
www.mwdl.org/collections/EllisReynoldsShippPapers.php,1,1,00:00:05,1,0.00%,0.00%,$0.00
www.mwdl.org/collections/EmeryCountyUTHistoryPhotographs.php,1,1,00:00:00,1,100.00%,100.00%,$0.00
www.mwdl.org/collections/EverettLCooleyOralHistoryProject.php,1,1,00:00:00,1,100.00%,100.00%,$0.00
www.mwdl.org/collections/FifeSlideCollectionofWesternUSVernacularArchitecture.php,1,1,00:00:00,1,100.00%,100.00%,$0.00
www.mwdl.org/collections/GeorgeCannonYoungArchitecture.php,1,1,00:00:00,1,100.00%,100.00%,$0.00
www.mwdl.org/collections/GreenRiverLaunchComplexUSAirForce.php,1,1,00:00:00,1,100.00%,100.00%,$0.00
www.mwdl.org/collections/GrouseCreekCulturalSurveyMormonBuckarooTerritory1985.php,1,1,00:00:00,1,100.00%,100.00%,$0.00
www.mwdl.org/collections/HiddenWaterASurveyofSaltLakeValleyUTSurfaceWater.php,1,1,00:00:00,1,100.00%,100.00%,$0.00
www.mwdl.org/collections/HistoricAerialPhotographsofEarlyNevada.php,1,1,00:00:06,0,0.00%,0.00%,$0.00
www.mwdl.org/collections/HistoricalAmericanForkUT.php,1,1,00:00:00,1,100.00%,100.00%,$0.00
www.mwdl.org/collections/HistoryinYourAttic.php,1,1,00:00:04,1,0.00%,0.00%,$0.00
www.mwdl.org/collections/IronCountyUTExtensionOfficePhotographs.php,1,1,00:00:00,1,100.00%,100.00%,$0.00
www.mwdl.org/collections/JohnWesleyPowellCollection.php,1,1,00:01:24,0,0.00%,0.00%,$0.00
www.mwdl.org/collections/JustPassinThroughTheLincolnandVictoryHighwaysinNevada.php,1,1,00:00:00,0,0.00%,100.00%,$0.00
www.mwdl.org/collections/KarlBodmerAquatintCollection.php,1,1,00:00:00,1,100.00%,100.00%,$0.00
www.mwdl.org/collections/KUEDTopazRelocationCenterResidentsCollection.php,1,1,00:00:00,1,100.00%,100.00%,$0.00
www.mwdl.org/collections/LandUseTransportationScenarioPlanning.php,1,1,00:00:08,0,0.00%,0.00%,$0.00
www.mwdl.org/collections/LesbianIntentionalCommunityRuthMountaingroveb1923photographs.php,1,1,00:00:00,1,100.00%,100.00%,$0.00
www.mwdl.org/collections/LoganCanyonReflections.php,1,1,00:00:00,1,100.00%,100.00%,$0.00
www.mwdl.org/collections/MarriageandFamilies.php,1,1,00:00:00,0,0.00%,100.00%,$0.00
www.mwdl.org/collections/MS006WilliamFCodyScrapbooksMS63776.php,1,1,00:00:02,0,0.00%,0.00%,$0.00
www.mwdl.org/collections/MS010CountOttoFrancVonLichtensteinCollection.php,1,1,00:01:14,0,0.00%,0.00%,$0.00
www.mwdl.org/collections/MS034SchuylerHartleyandGraham.php,1,1,00:00:00,1,100.00%,100.00%,$0.00
www.mwdl.org/collections/NeuroOphthalmologyIreneELoewenfeldCollection.php,1,1,00:00:00,1,100.00%,100.00%,$0.00
www.mwdl.org/collections/NevadainMaps.php,1,1,00:00:08,0,0.00%,0.00%,$0.00
www.mwdl.org/collections/OgdenBuildingsbyStreet.php,1,1,00:00:00,0,0.00%,100.00%,$0.00
www.mwdl.org/collections/OgdenStockyardsPhotographsMemorabiliaandOralHIstories.php,1,1,00:00:00,1,100.00%,100.00%,$0.00
www.mwdl.org/collections/PracticingMedicineAHistoricalGlimpseatUtahandBeyond.php,1,1,00:00:00,0,0.00%,100.00%,$0.00
www.mwdl.org/collections/SaltLakeCityPublicLibrarySpecialCollections.php,1,1,00:00:00,0,0.00%,100.00%,$0.00
www.mwdl.org/collections/SanbornFireInsuranceMaps.php,1,1,00:00:00,1,100.00%,100.00%,$0.00
www.mwdl.org/collections/SanpeteCountyUtahCountyClerkBirthRegister.php,1,1,00:00:12,1,0.00%,0.00%,$0.00
www.mwdl.org/collections/SanpeteCountyUtahCountyClerkDeathRegister.php,1,1,00:00:00,0,0.00%,100.00%,$0.00
www.mwdl.org/collections/SouthwestUtahLivestockAssociation.php,1,1,00:00:05,0,0.00%,0.00%,$0.00
www.mwdl.org/collections/TannerTrustBookCollection.php,1,1,00:00:00,1,100.00%,100.00%,$0.00
www.mwdl.org/collections/TrailsofHopeOverlandDiariesandLetters18461869.php,1,1,00:00:09,0,0.00%,0.00%,$0.00
www.mwdl.org/collections/TrailsofHopeOverlandImages18461869.php,1,1,00:00:00,0,0.00%,100.00%,$0.00
www.mwdl.org/collections/TrailsofHopeOverlandMaps18461869.php,1,1,00:00:20,0,0.00%,0.00%,$0.00
www.mwdl.org/collections/UtahAmericanIndianDigitalArchive.php,1,1,00:00:00,1,100.00%,100.00%,$0.00
www.mwdl.org/collections/UtahDepartmentofTransportationOfficialPhotographsIndex.php,1,1,00:00:06,0,0.00%,0.00%,$0.00
www.mwdl.org/collections/UtahDivisionofCorporationsincorporationcasefilesindex1981.php,1,1,00:00:00,1,100.00%,100.00%,$0.00
www.mwdl.org/collections/UtahGovernorScottMMatheson19771984CommitteeonExecutiveReorganization1978.php,1,1,00:00:45,0,0.00%,0.00%,$0.00
www.mwdl.org/collections/UtahParksCompanyEmployeePhotographs.php,1,1,00:07:16,0,0.00%,0.00%,$0.00
www.mwdl.org/collections/UtahsMostElusiveHardtoFindGovernmentandScientificReports.php,1,1,00:00:00,1,100.00%,100.00%,$0.00
www.mwdl.org/collections/UtahStatehoodConstitutionalConventionStateConstitution.php,1,1,00:00:00,1,100.00%,100.00%,$0.00
www.mwdl.org/collections/UtahStateRecordsCommitteeMinutes19922009.php,1,1,00:00:00,1,100.00%,100.00%,$0.00
www.mwdl.org/collections/WeberNormalCollegeYearbooks19191923.php,1,1,00:00:14,1,0.00%,0.00%,$0.00
www.mwdl.org/collections/WeberStateYearbook1905to1982.php,1,1,00:00:00,0,0.00%,100.00%,$0.00
www.mwdl.org/collections/WestminsterCollegeTextualWorksCollection.php,1,1,00:00:00,1,100.00%,100.00%,$0.00
www.mwdl.org/dpla/about_dpla.php,1,1,00:00:10,1,0.00%,0.00%,$0.00
www.mwdl.org/getinvolved/becomePartner.php,1,1,00:00:37,0,0.00%,0.00%,$0.00
www.mwdl.org/partners/BrighamYoungUniversityHaroldBLeeLibrary.php,1,1,00:01:40,1,0.00%,0.00%,$0.00
www.mwdl.org/partners/BrighamYoungUniversityHawaii.php,1,1,00:00:00,1,100.00%,100.00%,$0.00
www.mwdl.org/partners/BrighamYoungUniversityIdaho.php,1,1,00:00:00,1,100.00%,100.00%,$0.00
www.mwdl.org/partners/BuffaloBillCenteroftheWestMcCrackenResearchLibrary.php,1,1,00:00:00,0,0.00%,100.00%,$0.00
www.mwdl.org/partners/DepartmentofHeritageandArts.php,1,1,00:00:03,0,0.00%,0.00%,$0.00
www.mwdl.org/partners/SaltLakeCommunityCollegeLibraries.php,1,1,00:00:00,1,100.00%,100.00%,$0.00
www.mwdl.org/partners/UniversityofNevadaRenoUniversityLibraries.php,1,1,00:00:04,0,0.00%,0.00%,$0.00
www.mwdl.org/partners/UniversityofUtahSpencerSEcclesHealthSciencesLibrary.php,1,1,00:00:00,1,100.00%,100.00%,$0.00
www.mwdl.org/partners/UtahCouncilofLandSurveyors.php,1,1,00:00:00,1,100.00%,100.00%,$0.00
www.mwdl.org/partners/UtahDepartmentofAdministrativeServicesDivisionofAdministrativeRules.php,1,1,00:00:00,1,100.00%,100.00%,$0.00