Page,Pageviews,Unique Pageviews,Avg. Time on Page,Entrances,Bounce Rate,% Exit,Page Value
mwdl.org/index.php,833,631,00:01:58,607,61.45%,56.78%,$0.00
mwdl.org/collections/collections.php,312,182,00:01:02,45,35.56%,19.87%,$0.00
www.mwdl.org/index.php,284,206,00:02:50,198,54.04%,53.17%,$0.00
www.mwdl.org/events/MWDLMeetingSummer2018.php,142,109,00:04:16,102,74.51%,72.54%,$0.00
www.mwdl.org/collections/collections.php,101,56,00:01:22,5,20.00%,12.87%,$0.00
mwdl.org/partners/partners.php,82,65,00:00:32,6,33.33%,18.29%,$0.00
mwdl.org/getinvolved/policies.php,53,49,00:04:19,19,89.47%,62.26%,$0.00
mwdl.org/events/MWDLMeetingSummer2018.php,46,38,00:04:12,12,75.00%,71.74%,$0.00
mwdl.org/portals/ead.php,43,24,00:02:09,6,66.67%,20.93%,$0.00
www.mwdl.org/partners/partners.php,34,24,00:01:02,2,0.00%,8.82%,$0.00
mwdl.org/maps/maps.php,25,15,00:03:28,5,60.00%,40.00%,$0.00
mwdl.org/collections/FrankLloydWrightWasmuthPortfolio.php,23,17,00:00:15,12,58.33%,47.83%,$0.00
mwdl.org/partners/partnerslist.php,22,20,00:01:14,0,0.00%,18.18%,$0.00
mwdl.org/getinvolved/guidelines.php,19,19,00:00:15,17,94.12%,94.74%,$0.00
www.mwdl.org/partners/partnerslist.php,17,11,00:00:34,0,0.00%,5.88%,$0.00
mwdl.org/collections/aCollections.php,15,11,00:00:34,0,0.00%,20.00%,$0.00
mwdl.org/collections/AmericanWestwardMigration.php,14,10,00:02:48,0,0.00%,28.57%,$0.00
www.mwdl.org/collections/aCollections.php,14,3,00:00:25,0,0.00%,7.14%,$0.00
www.mwdl.org/partners/UniversityofUtahJWillardMarriottLibrary.php,14,10,00:00:31,0,0.00%,21.43%,$0.00
mwdl.org/dpla/about_dpla.php,12,9,00:01:27,2,100.00%,66.67%,$0.00
mwdl.org/partners/UniversityofUtahJWillardMarriottLibrary.php,12,10,00:00:43,0,0.00%,25.00%,$0.00
mwdl.org/portals/pioneers.php,12,9,00:00:49,2,100.00%,33.33%,$0.00
mwdl.org/collections/HealthEducationAssetsLibrary.php,11,9,00:00:14,8,50.00%,54.55%,$0.00
mwdl.org/getinvolved/repository_setup.php,11,10,00:00:24,5,100.00%,72.73%,$0.00
mwdl.org/collections/pCollections.php,10,9,00:01:53,0,0.00%,10.00%,$0.00
mwdl.org/ampcollections/MorganCountyHistoricalSocietyComoSpringsResort.php,9,5,00:00:10,5,60.00%,55.56%,$0.00
www.mwdl.org/portals/ead.php,9,7,00:00:40,1,100.00%,44.44%,$0.00
mwdl.org/collections/CharlesRSavagePhotographs1.php,8,5,00:01:10,1,0.00%,25.00%,$0.00
mwdl.org/collections/ThornePhotographCollection.php,8,8,00:00:19,3,100.00%,50.00%,$0.00
mwdl.org/getinvolved/becomePartner.php,8,6,00:00:14,2,0.00%,0.00%,$0.00
www.mwdl.org/collections/AmericanWestwardMigration.php,8,6,00:00:18,0,0.00%,12.50%,$0.00
www.mwdl.org/getinvolved/policies.php,8,7,00:01:47,1,0.00%,25.00%,$0.00
www.mwdl.org/partners/MurrayUTMuseum.php,8,3,00:00:23,1,0.00%,12.50%,$0.00
mwdl.org/collections/BrighamYoungUniversityIdahoStudentRays.php,7,7,00:00:00,7,100.00%,100.00%,$0.00
mwdl.org/collections/OremUTSchoolYearbooks.php,7,3,00:00:29,2,0.00%,28.57%,$0.00
mwdl.org/collections/GreatBasinAssociationPhotographs.php,6,4,00:00:26,0,0.00%,16.67%,$0.00
mwdl.org/collections/UtonianYearbooks.php,6,5,00:00:20,4,50.00%,66.67%,$0.00
mwdl.org/getinvolved/becomeMember.php,6,6,00:01:06,1,100.00%,16.67%,$0.00
mwdl.org/getinvolved/oai_queries.php,6,6,00:00:00,5,100.00%,100.00%,$0.00
www.mwdl.org/collections/ShiplerCommercialPhotographers.php,6,4,00:01:13,1,100.00%,16.67%,$0.00
www.mwdl.org/partners/UniversityofOregonLibraries.php,6,3,00:01:38,1,0.00%,0.00%,$0.00
mwdl.org/collections/DardHunterBookCollection.php,5,3,00:00:08,0,0.00%,0.00%,$0.00
mwdl.org/collections/JohnWesleyPowellCollection.php,5,4,00:00:16,0,0.00%,0.00%,$0.00
mwdl.org/partners/UniversityofNevadaRenoUniversityLibraries.php,5,3,00:00:09,2,50.00%,40.00%,$0.00
www.mwdl.org/ampcollections/KarlBodmerAquatintCollection.php,5,2,00:03:23,1,0.00%,20.00%,$0.00
mwdl.org/ampcollections/CharlesRSavagePhotographs1.php,4,1,00:00:10,1,0.00%,25.00%,$0.00
mwdl.org/amppartners/MorganCountyUTHistoricalSocietyandMorganCountyUTPublicLibrary.php,4,2,00:00:13,0,0.00%,0.00%,$0.00
mwdl.org/collections/DepartmentofHeritageandArtsClassifiedPhotographCollection.php,4,3,00:02:03,0,0.00%,0.00%,$0.00
mwdl.org/collections/FrankBeckwithCollection.php,4,4,00:00:07,1,100.00%,75.00%,$0.00
mwdl.org/collections/HarmoniaMacrocosmica.php,4,3,00:00:30,0,0.00%,25.00%,$0.00
mwdl.org/collections/HistoryofShelleyID.php,4,4,00:00:50,0,0.00%,0.00%,$0.00
mwdl.org/collections/TopazMuseumCollection.php,4,3,00:00:16,0,0.00%,50.00%,$0.00
mwdl.org/events/events.php,4,3,00:02:58,1,100.00%,50.00%,$0.00
mwdl.org/getinvolved/memberprogram.php,4,2,00:01:01,0,0.00%,25.00%,$0.00
mwdl.org/partners/NorthBinghamCountyIDDistrictLibrary.php,4,4,00:00:00,1,100.00%,100.00%,$0.00
www.mwdl.org/ampcollections/NevadaAgriculturalPublications.php,4,1,00:09:01,1,0.00%,25.00%,$0.00
www.mwdl.org/ampcollections/TrailsofHopeOverlandBiographies18461869.php,4,1,00:06:16,0,0.00%,0.00%,$0.00
www.mwdl.org/ampcollections/UniversityofNevadaRenoArtCollection.php,4,4,00:00:00,3,100.00%,100.00%,$0.00
www.mwdl.org/amppartners/BuffaloBillCenteroftheWestMcCrackenResearchLibrary.php,4,2,00:01:45,1,100.00%,25.00%,$0.00
www.mwdl.org/amppartners/UniversityofNevadaRenoUniversityLibraries.php,4,4,00:00:18,3,66.67%,50.00%,$0.00
www.mwdl.org/collections/ChildrensBookandPlayReview.php,4,1,00:00:14,0,0.00%,0.00%,$0.00
www.mwdl.org/collections/KarlBodmerAquatintCollection.php,4,3,00:00:49,0,0.00%,25.00%,$0.00
www.mwdl.org/collections/UtahGovernorsExecutiveOrdersandProclamations.php,4,1,00:00:09,0,0.00%,0.00%,$0.00
www.mwdl.org/maps/maps.php,4,3,00:00:07,0,0.00%,0.00%,$0.00
mwdl.org/collections/BrighamYoungUniversityMastersThesesonMormonismGM.php,3,2,00:00:09,0,0.00%,33.33%,$0.00
mwdl.org/collections/ColoradoRiverbedCase.php,3,3,00:00:10,0,0.00%,33.33%,$0.00
mwdl.org/collections/MarriageandFamilies.php,3,3,00:00:02,0,0.00%,66.67%,$0.00
mwdl.org/collections/NeuroOphthalmologyJohnAMoranEyeCenterCollection.php,3,2,00:00:37,2,50.00%,66.67%,$0.00
mwdl.org/collections/SagebrushVernacularRuralArchitectureinNevada.php,3,3,00:00:24,1,0.00%,33.33%,$0.00
mwdl.org/collections/TannerTrustBookCollection.php,3,3,00:00:10,0,0.00%,0.00%,$0.00
mwdl.org/collections/WestminsterCollegePhotographCollection.php,3,2,00:00:08,0,0.00%,0.00%,$0.00
mwdl.org/collections/WilliamHenryJackson.php,3,2,00:01:33,0,0.00%,0.00%,$0.00
mwdl.org/getinvolved/mwdl_discover.php,3,2,00:01:47,1,100.00%,33.33%,$0.00
mwdl.org/partners/OremUTPublicLibrary.php,3,3,00:00:05,0,0.00%,0.00%,$0.00
mwdl.org/partners/UniversityofNevadaLasVegasUniversityLibraries.php,3,2,00:00:08,0,0.00%,0.00%,$0.00
test.mwdl.org/education/EducationToolkit.php,3,2,00:00:06,2,50.00%,66.67%,$0.00
test.mwdl.org/index.php,3,3,00:00:00,3,100.00%,100.00%,$0.00
w.mwdl.org/index.php,3,3,00:00:00,3,100.00%,100.00%,$0.00
www.mwdl.org/collections/AngelusStudiophotographs1880s1940s.php,3,3,00:00:31,1,0.00%,33.33%,$0.00
www.mwdl.org/collections/BasquePosters.php,3,3,00:00:18,0,0.00%,0.00%,$0.00
www.mwdl.org/collections/FrankLloydWrightWasmuthPortfolio.php,3,2,00:00:07,1,0.00%,33.33%,$0.00
www.mwdl.org/collections/ImagesofLakeTahoe.php,3,2,00:01:43,0,0.00%,0.00%,$0.00
www.mwdl.org/collections/JohnWesleyPowellCollection.php,3,2,00:01:38,0,0.00%,33.33%,$0.00
www.mwdl.org/collections/pCollections.php,3,2,00:00:29,0,0.00%,33.33%,$0.00
www.mwdl.org/collections/UniversityofUtahArchivesPhotographCollection.php,3,2,00:00:09,0,0.00%,0.00%,$0.00
www.mwdl.org/collections/UtahsMostElusiveHardtoFindGovernmentandScientificReports.php,3,2,00:00:32,2,50.00%,66.67%,$0.00
www.mwdl.org/dpla/about_dpla.php,3,2,00:04:59,0,0.00%,33.33%,$0.00
www.mwdl.org/partners/OregonStateUniversityLibraries.php,3,2,00:00:28,0,0.00%,33.33%,$0.00
www.mwdl.org/partners/UtahStateArchives.php,3,2,00:05:15,0,0.00%,0.00%,$0.00
mwdl.org/ampcollections/CRSavageCompanyPortraitCollection.php,2,1,00:00:51,1,0.00%,50.00%,$0.00
mwdl.org/ampcollections/FrankLloydWrightWasmuthPortfolio.php,2,2,00:00:00,1,100.00%,100.00%,$0.00
mwdl.org/ampcollections/HealthEducationAssetsLibrary.php,2,2,00:00:00,2,100.00%,100.00%,$0.00
mwdl.org/ampcollections/OgdenUtahPoliceArrestandJailRecordBooks.php,2,1,00:00:07,1,0.00%,50.00%,$0.00
mwdl.org/ampcollections/RobertWLimbertCollection.php,2,1,00:02:07,1,0.00%,50.00%,$0.00
mwdl.org/amppartners/UtahStateUniversityMerrillCazierLibrary.php,2,1,00:00:11,0,0.00%,50.00%,$0.00
mwdl.org/collections/AftonWatkinsGardner.php,2,2,00:00:11,1,100.00%,50.00%,$0.00
mwdl.org/collections/AlbertTissandierCollection.php,2,2,00:00:12,0,0.00%,0.00%,$0.00
mwdl.org/collections/AllenLeighPhotographs.php,2,2,00:00:05,0,0.00%,0.00%,$0.00
mwdl.org/collections/BasqueDigitalCollection.php,2,1,00:00:38,1,0.00%,50.00%,$0.00
mwdl.org/collections/BrighamYoungUniversityIdahoCampus.php,2,1,00:00:44,0,0.00%,0.00%,$0.00
mwdl.org/collections/CivilianConservationCorpsCampPhotos.php,2,1,00:00:22,0,0.00%,0.00%,$0.00
mwdl.org/collections/CivilianConservationCorpsinUtah.php,2,2,00:00:28,0,0.00%,0.00%,$0.00
mwdl.org/collections/CrimeinUtahCollection.php,2,2,00:02:05,0,0.00%,0.00%,$0.00
mwdl.org/collections/EverettLCooleyOralHistoryProject.php,2,2,00:00:00,2,100.00%,100.00%,$0.00
mwdl.org/collections/GeorgeBeardCollection.php,2,1,00:01:45,0,0.00%,0.00%,$0.00
mwdl.org/collections/GreenRiverLaunchComplexUSAirForce.php,2,2,00:01:20,0,0.00%,0.00%,$0.00
mwdl.org/collections/JohnDonneSermons.php,2,1,00:00:29,0,0.00%,0.00%,$0.00
mwdl.org/collections/JournalofDiscourses.php,2,1,00:00:50,0,0.00%,0.00%,$0.00
mwdl.org/collections/LasVegasandWaterintheWest.php,2,1,00:00:31,0,0.00%,0.00%,$0.00
mwdl.org/collections/LessonsTheJournaloftheCenterforTeachingandLearningExcellence.php,2,2,00:00:10,0,0.00%,0.00%,$0.00
mwdl.org/collections/MargaretMWheatCollection.php,2,2,00:00:00,2,100.00%,100.00%,$0.00
mwdl.org/collections/NevadainMaps.php,2,2,00:00:00,2,100.00%,100.00%,$0.00
mwdl.org/collections/OregonStateUniversityYearbooks.php,2,1,00:01:30,0,0.00%,50.00%,$0.00
mwdl.org/collections/PioneersInYourAtticfromUtahValleyUniversity.php,2,1,00:00:41,0,0.00%,0.00%,$0.00
mwdl.org/collections/RegreeningofCacheValley.php,2,2,00:00:00,0,0.00%,100.00%,$0.00
mwdl.org/collections/SaltLakeCityEngineersCollection.php,2,2,00:03:52,0,0.00%,0.00%,$0.00
mwdl.org/collections/SaltLakeCommunityCollegeAudiovisualArchives.php,2,1,00:13:51,0,0.00%,0.00%,$0.00
mwdl.org/collections/SaltLakeCommunityCollegeScholarlyandCreativeWorks.php,2,1,00:00:06,0,0.00%,0.00%,$0.00
mwdl.org/collections/ShowgirlsCollection.php,2,1,00:00:14,0,0.00%,0.00%,$0.00
mwdl.org/collections/TESLReporter.php,2,2,00:00:00,1,100.00%,100.00%,$0.00
mwdl.org/collections/TrailsofHopeOverlandBiographies18461869.php,2,2,00:00:33,0,0.00%,0.00%,$0.00
mwdl.org/collections/TrailsofHopeOverlandDiariesandLetters18461869.php,2,2,00:00:31,0,0.00%,50.00%,$0.00
mwdl.org/collections/UintahCountyRegionalHistoryCenterCollection.php,2,2,00:00:12,0,0.00%,50.00%,$0.00
mwdl.org/collections/UniversityofUtahHealthSciencesPhotographCollection.php,2,1,00:00:23,0,0.00%,0.00%,$0.00
mwdl.org/collections/Utah2002OlympicLegacyCollection.php,2,2,00:00:00,1,100.00%,100.00%,$0.00
mwdl.org/collections/VernalUTExpressPhotographCollection.php,2,2,00:00:30,0,0.00%,0.00%,$0.00
mwdl.org/collections/VonDelChamberlainCulturalAstronomyCollection.php,2,2,00:00:00,2,100.00%,100.00%,$0.00
mwdl.org/collections/WesternShoshoneDefenseProject.php,2,2,00:00:00,2,100.00%,100.00%,$0.00
mwdl.org/collections/WesternWatersPhotographCollection.php,2,2,00:00:21,0,0.00%,0.00%,$0.00
mwdl.org/events/MWDLMeetingSummer2017.php,2,1,00:00:10,0,0.00%,0.00%,$0.00
mwdl.org/maps/map_cities.php,2,1,00:00:17,0,0.00%,0.00%,$0.00
mwdl.org/maps/map_counties.php,2,2,00:00:13,0,0.00%,50.00%,$0.00
mwdl.org/maps/map_countries.php,2,2,00:00:48,0,0.00%,50.00%,$0.00
mwdl.org/partners/BrighamYoungUniversityHaroldBLeeLibrary.php,2,2,00:00:07,0,0.00%,0.00%,$0.00
mwdl.org/partners/DepartmentofHeritageandArts.php,2,2,00:00:03,1,0.00%,50.00%,$0.00
mwdl.org/partners/MorganCountyUTHistoricalSocietyandMorganCountyUTPublicLibrary.php,2,1,00:00:00,0,0.00%,0.00%,$0.00
mwdl.org/partners/SaltLakeCommunityCollegeLibraries.php,2,1,00:00:03,0,0.00%,0.00%,$0.00
mwdl.org/partners/SouthernUtahUniversitySherrattLibrary.php,2,2,00:00:00,0,0.00%,100.00%,$0.00
mwdl.org/partners/UniversityofUtahSpencerSEcclesHealthSciencesLibrary.php,2,1,00:00:13,0,0.00%,0.00%,$0.00
mwdl.org/partners/UtahStateArchives.php,2,2,00:00:01,0,0.00%,50.00%,$0.00
mwdl.org/partners/UtahStateUniversityMerrillCazierLibrary.php,2,1,00:00:01,0,0.00%,0.00%,$0.00
ww3.mwdl.org/index.php,2,2,00:00:00,2,100.00%,100.00%,$0.00
wwd.mwdl.org/index.php,2,2,00:00:00,2,100.00%,100.00%,$0.00
www.mwdl.org/ampcollections/MarriageandFamilies.php,2,1,00:02:02,0,0.00%,0.00%,$0.00
www.mwdl.org/amppartners/UniversityofUtahJWillardMarriottLibrary.php,2,1,00:00:35,0,0.00%,0.00%,$0.00
www.mwdl.org/collections/AlfredGEricksonPhotographCollection.php,2,1,00:00:08,0,0.00%,0.00%,$0.00
www.mwdl.org/collections/AllenLeighPhotographs.php,2,2,00:00:05,0,0.00%,50.00%,$0.00
www.mwdl.org/collections/BrighamYoungUniversityHistoricalPhotographsWalterMCampCollection.php,2,1,00:00:08,0,0.00%,0.00%,$0.00
www.mwdl.org/collections/CharlesFordPhotographs.php,2,2,00:00:05,0,0.00%,50.00%,$0.00
www.mwdl.org/collections/CharlesRSavagePhotographs1.php,2,2,00:00:00,2,100.00%,100.00%,$0.00
www.mwdl.org/collections/CharlesWFurlong18741967photographs18951965.php,2,2,00:00:23,0,0.00%,0.00%,$0.00
www.mwdl.org/collections/CLAndrewsphotographs1880s1948.php,2,2,00:00:45,0,0.00%,0.00%,$0.00
www.mwdl.org/collections/ColoradoRiverbedCase.php,2,2,00:00:29,0,0.00%,0.00%,$0.00
www.mwdl.org/collections/CrimeinUtahCollection.php,2,1,00:00:06,0,0.00%,0.00%,$0.00
www.mwdl.org/collections/DardHunterBookCollection.php,2,2,00:00:17,0,0.00%,50.00%,$0.00
www.mwdl.org/collections/GeorgeBeardCollection.php,2,2,00:00:22,0,0.00%,0.00%,$0.00
www.mwdl.org/collections/GeorgeEdwardAndersonPhotographs.php,2,2,00:00:00,2,100.00%,100.00%,$0.00
www.mwdl.org/collections/GreatBasinAssociationPhotographs.php,2,2,00:00:29,0,0.00%,0.00%,$0.00
www.mwdl.org/collections/HarmoniaMacrocosmica.php,2,2,00:04:39,0,0.00%,0.00%,$0.00
www.mwdl.org/collections/JackLondonCollection.php,2,1,00:01:50,0,0.00%,50.00%,$0.00
www.mwdl.org/collections/JamesCloutierCollection.php,2,2,00:00:46,1,100.00%,50.00%,$0.00
www.mwdl.org/collections/JournalofMormonHistory.php,2,1,00:00:54,0,0.00%,50.00%,$0.00
www.mwdl.org/collections/LesbianIntentionalCommunityRuthMountaingroveb1923photographs.php,2,1,00:00:45,0,0.00%,0.00%,$0.00
www.mwdl.org/collections/MoviesMadeinUtah.php,2,1,00:01:23,0,0.00%,0.00%,$0.00
www.mwdl.org/collections/MS037MrsGeorgeBirdGrinnellIndianPhotographs.php,2,2,00:00:13,0,0.00%,0.00%,$0.00
www.mwdl.org/collections/SagaoftheSanpitch.php,2,2,00:00:24,0,0.00%,0.00%,$0.00
www.mwdl.org/collections/SanbornFireInsuranceMaps.php,2,2,00:00:56,0,0.00%,0.00%,$0.00
www.mwdl.org/collections/SanFranciscoCAEarthquakeSnapshots.php,2,1,00:00:18,0,0.00%,0.00%,$0.00
www.mwdl.org/collections/TrailsofHopeOverlandBiographies18461869.php,2,2,00:01:25,0,0.00%,0.00%,$0.00
www.mwdl.org/collections/UpperSnakeRiverValleyIdahoHistories.php,2,1,00:00:17,0,0.00%,0.00%,$0.00
www.mwdl.org/collections/UtahConstructionCompanyHistorybyERLubbers.php,2,2,00:00:15,0,0.00%,0.00%,$0.00
www.mwdl.org/collections/UtahTechnicalCollegeYearbooks.php,2,2,00:00:46,1,0.00%,50.00%,$0.00
www.mwdl.org/partners/BrighamYoungUniversityHaroldBLeeLibrary.php,2,1,00:00:04,0,0.00%,0.00%,$0.00
www.mwdl.org/partners/BuffaloBillCenteroftheWestMcCrackenResearchLibrary.php,2,2,00:00:00,0,0.00%,50.00%,$0.00
www.mwdl.org/partners/ParkCityUTHistoricalSocietyMuseum.php,2,2,00:00:15,0,0.00%,0.00%,$0.00
2ww.mwdl.org/index.php,1,1,00:00:00,1,100.00%,100.00%,$0.00
ddd.mwdl.org/index.php,1,1,00:00:00,1,100.00%,100.00%,$0.00
dww.mwdl.org/index.php,1,1,00:00:00,1,100.00%,100.00%,$0.00
dwww.mwdl.org/index.php,1,1,00:00:00,1,100.00%,100.00%,$0.00
ebmo.mwdl.org/index.php,1,1,00:00:00,1,100.00%,100.00%,$0.00
eee.mwdl.org/index.php,1,1,00:00:00,1,100.00%,100.00%,$0.00
ewww.mwdl.org/index.php,1,1,00:00:00,1,100.00%,100.00%,$0.00
ftp.mwdl.org/index.php,1,1,00:00:00,1,100.00%,100.00%,$0.00
kbsv.mwdl.org/index.php,1,1,00:00:00,1,100.00%,100.00%,$0.00
kqno.mwdl.org/index.php,1,1,00:00:00,1,100.00%,100.00%,$0.00
librarywww.mwdl.org/index.php,1,1,00:00:00,1,100.00%,100.00%,$0.00
mwdl.org/ampcollections/AllenLeighPhotographs.php,1,1,00:00:00,1,100.00%,100.00%,$0.00
mwdl.org/ampcollections/ArborglyphsonPeavine.php,1,1,00:00:00,0,0.00%,100.00%,$0.00
mwdl.org/ampcollections/DaughtersoftheUtahPioneersCedarCityUT.php,1,1,00:00:00,0,0.00%,100.00%,$0.00
mwdl.org/ampcollections/DaughtersoftheUtahPioneersSpringvilleUT.php,1,1,00:00:00,1,100.00%,100.00%,$0.00
mwdl.org/ampcollections/DidymusPapyri.php,1,1,00:01:04,0,0.00%,0.00%,$0.00
mwdl.org/ampcollections/ForestRangerDaybooksofAaronPChristiansen.php,1,1,00:00:20,0,0.00%,0.00%,$0.00
mwdl.org/ampcollections/FrankCallPhotographCollection19091911.php,1,1,00:00:00,1,100.00%,100.00%,$0.00
mwdl.org/ampcollections/GreenRiverLaunchComplexUSAirForce.php,1,1,00:00:00,1,100.00%,100.00%,$0.00
mwdl.org/ampcollections/IronCountyUTExtensionOfficePhotographs.php,1,1,00:00:00,1,100.00%,100.00%,$0.00
mwdl.org/ampcollections/JohnWesleyPowellCollection.php,1,1,00:00:14,0,0.00%,0.00%,$0.00
mwdl.org/ampcollections/NeurologyNeuroOphthalmologyShirleyHWrayCollection.php,1,1,00:00:47,0,0.00%,0.00%,$0.00
mwdl.org/ampcollections/NeuroOphthalmologyAAONANOSClinicalCollection.php,1,1,00:01:06,0,0.00%,0.00%,$0.00
mwdl.org/ampcollections/PracticingMedicineAHistoricalGlimpseatUtahandBeyond.php,1,1,00:01:19,0,0.00%,0.00%,$0.00
mwdl.org/ampcollections/UtahStateUniversitySpecialCollectionsDigitalExhibits.php,1,1,00:00:04,0,0.00%,0.00%,$0.00
mwdl.org/ampcollections/UtonianYearbooks.php,1,1,00:00:00,0,0.00%,100.00%,$0.00
mwdl.org/ampcollections/WeberStateYearbook1905to1982.php,1,1,00:00:00,0,0.00%,100.00%,$0.00
mwdl.org/amppartners/DeltaUTCityLibrary.php,1,1,00:00:00,1,100.00%,100.00%,$0.00
mwdl.org/amppartners/DepartmentofHeritageandArts.php,1,1,00:00:00,1,100.00%,100.00%,$0.00
mwdl.org/amppartners/UtahStateArchives.php,1,1,00:00:58,0,0.00%,0.00%,$0.00
mwdl.org/amppartners/WeberStateUniversityStewartLibrary.php,1,1,00:00:20,0,0.00%,0.00%,$0.00
mwdl.org/collections/AfricanAmericanExperience.php,1,1,00:00:07,0,0.00%,0.00%,$0.00
mwdl.org/collections/ArabicPapyrusParchmentandPaperCollection.php,1,1,00:00:00,1,100.00%,100.00%,$0.00
mwdl.org/collections/ArborglyphsonPeavine.php,1,1,00:00:00,0,0.00%,0.00%,$0.00
mwdl.org/collections/BenLomondHighSchoolScrapbooks.php,1,1,00:00:00,1,100.00%,100.00%,$0.00
mwdl.org/collections/BranchAgriculturalCollegePhotographs.php,1,1,00:00:00,1,100.00%,100.00%,$0.00
mwdl.org/collections/BranchNormalSchoolPhotographs.php,1,1,00:00:00,1,100.00%,100.00%,$0.00
mwdl.org/collections/BrighamYoungUniversityMastersThesesonMormonismAF.php,1,1,00:02:18,0,0.00%,0.00%,$0.00
mwdl.org/collections/BrighamYoungUniversityThesesandDissertations.php,1,1,00:07:58,0,0.00%,0.00%,$0.00
mwdl.org/collections/CacheValleyDiaries.php,1,1,00:00:13,0,0.00%,0.00%,$0.00
mwdl.org/collections/CedarCityUtahCityandCemeteryMap.php,1,1,00:00:00,1,100.00%,100.00%,$0.00
mwdl.org/collections/CivilizationHamblin.php,1,1,00:00:12,0,0.00%,0.00%,$0.00
mwdl.org/collections/DaughtersoftheUtahPioneersCedarCityUT.php,1,1,00:00:02,1,0.00%,0.00%,$0.00
mwdl.org/collections/DaughtersoftheUtahPioneersKaysvilleUTPhillipsCampBiographies.php,1,1,00:00:00,1,100.00%,100.00%,$0.00
mwdl.org/collections/DialogueAJournalofMormonThought.php,1,1,00:00:20,0,0.00%,0.00%,$0.00
mwdl.org/collections/EisenhowerCommuniques.php,1,1,00:00:49,0,0.00%,0.00%,$0.00
mwdl.org/collections/EncyclopediaofMormonism.php,1,1,00:00:00,1,100.00%,100.00%,$0.00
mwdl.org/collections/EsplinFamilyCollection.php,1,1,00:00:00,1,100.00%,100.00%,$0.00
mwdl.org/collections/FlorenceMHartshornphotographs18991900.php,1,1,00:00:04,0,0.00%,0.00%,$0.00
mwdl.org/collections/ForestRangerDaybooksofAaronPChristiansen.php,1,1,00:00:00,0,0.00%,0.00%,$0.00
mwdl.org/collections/GeorgeEdwardAndersonPhotographs.php,1,1,00:00:00,0,0.00%,100.00%,$0.00
mwdl.org/collections/GoldenSpikeOralHistoryPapers.php,1,1,00:21:50,0,0.00%,0.00%,$0.00
mwdl.org/collections/GreatBasinNationalHeritageAreaOralHistories.php,1,1,00:00:00,1,100.00%,100.00%,$0.00
mwdl.org/collections/HGrantIvinsPapers.php,1,1,00:00:00,1,100.00%,100.00%,$0.00
mwdl.org/collections/HistoricPostcardsofUtah.php,1,1,00:00:00,0,0.00%,100.00%,$0.00
mwdl.org/collections/HistoricRicksCollegeVikingScroll2.php,1,1,00:00:00,1,100.00%,100.00%,$0.00
mwdl.org/collections/HomerJonesPhotographs.php,1,1,00:00:05,0,0.00%,0.00%,$0.00
mwdl.org/collections/ImagesofLakeTahoe.php,1,1,00:00:27,0,0.00%,0.00%,$0.00
mwdl.org/collections/JournalofEastAsianLibraries.php,1,1,00:02:17,0,0.00%,0.00%,$0.00
mwdl.org/collections/KarlBodmerAquatintCollection.php,1,1,00:00:24,0,0.00%,0.00%,$0.00
mwdl.org/collections/KenGrayInsectImageCollection.php,1,1,00:00:00,0,0.00%,100.00%,$0.00
mwdl.org/collections/LandUseTransportationScenarioPlanning.php,1,1,00:00:16,0,0.00%,0.00%,$0.00
mwdl.org/collections/MormonMissionaryDiaries.php,1,1,00:00:00,0,0.00%,100.00%,$0.00
mwdl.org/collections/MormonPacificHistoricalSociety.php,1,1,00:00:00,0,0.00%,100.00%,$0.00
mwdl.org/collections/MS002VictorArlandCollection.php,1,1,00:00:00,0,0.00%,100.00%,$0.00
mwdl.org/collections/MS32EdwardBeckerCollectionofIndianPhotographs.php,1,1,00:02:05,0,0.00%,0.00%,$0.00
mwdl.org/collections/NeuroOphthalmologyAAONANOSClinicalCollection.php,1,1,00:00:01,0,0.00%,0.00%,$0.00
mwdl.org/collections/NeuroOphthalmologyIreneELoewenfeldCollection.php,1,1,00:00:00,1,100.00%,100.00%,$0.00
mwdl.org/collections/NeuroOphthalmologyNorthAmericanNeuroOphthalmologySocietyAnnualMeetingCollection.php,1,1,00:13:56,0,0.00%,0.00%,$0.00
mwdl.org/collections/NeuroOphthalmologyRandyHKardonCollection.php,1,1,00:00:00,1,100.00%,100.00%,$0.00
mwdl.org/collections/NeuroOphthalmologyWilliamFHoytCollection.php,1,1,00:00:12,0,0.00%,0.00%,$0.00
mwdl.org/collections/OldEphraim.php,1,1,00:00:26,0,0.00%,0.00%,$0.00
mwdl.org/collections/PaulLaxaltandRonaldReagan.php,1,1,00:00:00,0,0.00%,100.00%,$0.00
mwdl.org/collections/PracticingMedicineAHistoricalGlimpseatUtahandBeyond.php,1,1,00:00:00,0,0.00%,0.00%,$0.00
mwdl.org/collections/RDAdamsPhotographs.php,1,1,00:00:16,0,0.00%,0.00%,$0.00
mwdl.org/collections/SagaoftheSanpitch.php,1,1,00:00:06,0,0.00%,0.00%,$0.00
mwdl.org/collections/SaltLakeCityPublicLibrarySpecialCollections.php,1,1,00:00:00,0,0.00%,100.00%,$0.00
mwdl.org/collections/SaltLakeCommunityCollegePhotographArchives.php,1,1,00:00:00,0,0.00%,100.00%,$0.00
mwdl.org/collections/SaltLakeCommunityCollegeStudentNewspapers.php,1,1,00:00:00,0,0.00%,100.00%,$0.00
mwdl.org/collections/SanbornFireInsuranceMaps.php,1,1,00:00:00,1,100.00%,100.00%,$0.00
mwdl.org/collections/ShiplerCommercialPhotographers.php,1,1,00:00:09,0,0.00%,0.00%,$0.00
mwdl.org/collections/SouthernNevadaBoomtownYears.php,1,1,00:00:00,0,0.00%,100.00%,$0.00
mwdl.org/collections/TaylorWoolleyPhotographCollection.php,1,1,00:00:06,0,0.00%,0.00%,$0.00
mwdl.org/collections/TooeleCountyUTHistories.php,1,1,00:00:00,1,100.00%,100.00%,$0.00
mwdl.org/collections/UniversityofNevadaRenoCampusImages.php,1,1,00:00:00,1,100.00%,100.00%,$0.00
mwdl.org/collections/UniversityofUtahArchivesPhotographCollection.php,1,1,00:16:04,0,0.00%,0.00%,$0.00
mwdl.org/collections/UniversityofUtahPressOpenAccessWorks.php,1,1,00:00:00,1,100.00%,100.00%,$0.00
mwdl.org/collections/UtahHistoricandPrehistoricPublications.php,1,1,00:00:03,0,0.00%,0.00%,$0.00
mwdl.org/collections/UtahMuseumofContemporaryArtCollection.php,1,1,00:00:00,1,100.00%,100.00%,$0.00
mwdl.org/collections/UtahSkiArchivesNewsletter.php,1,1,00:00:00,0,0.00%,100.00%,$0.00
mwdl.org/collections/UtahStateHistoricalSocietyOrganizationalHistory.php,1,1,00:00:05,0,0.00%,0.00%,$0.00
mwdl.org/collections/UtahStateHistoricalSocietyWorldWarMilitaryListings.php,1,1,00:00:12,0,0.00%,0.00%,$0.00
mwdl.org/collections/UtahTerritorialSecretaryTerritorialExecutivePapers.php,1,1,00:00:00,1,100.00%,100.00%,$0.00
mwdl.org/collections/WelcomeHomeHowardHowardHughesPhotographCollection.php,1,1,00:03:14,0,0.00%,0.00%,$0.00
mwdl.org/collections/WesternWatersDiaryCollection.php,1,1,00:00:20,0,0.00%,0.00%,$0.00
mwdl.org/collections/WilliamDHurstPapers.php,1,1,00:04:06,0,0.00%,0.00%,$0.00
mwdl.org/collections/WorldWarIServiceCards.php,1,1,00:00:00,0,0.00%,100.00%,$0.00
mwdl.org/getinvolved/member_repositories.php,1,1,00:00:49,0,0.00%,0.00%,$0.00
mwdl.org/index.php?afterTimeout=07FE740561AAAFFD03B1D2410AAC0CBB&vid=MWDL,1,1,00:00:00,1,100.00%,100.00%,$0.00
mwdl.org/index.php?afterTimeout=0CD9C33CD610C53044075EBD93F91090&vid=MWDL,1,1,00:00:00,1,100.00%,100.00%,$0.00
mwdl.org/index.php?afterTimeout=17F42E7B34E5248FADB08E5DC0470942&vid=MWDL,1,1,00:00:00,1,100.00%,100.00%,$0.00
mwdl.org/index.php?afterTimeout=2F2B48961CFEE7217225DDF59B8D8769&vid=MWDL,1,1,00:00:00,1,100.00%,100.00%,$0.00
mwdl.org/index.php?afterTimeout=6C78642F8B8BE0DB7BEAB473BD7B351A&vid=MWDL,1,1,00:00:00,1,100.00%,100.00%,$0.00
mwdl.org/index.php?afterTimeout=7A3C1B2E4EFC0C454E84DFB724DF01F3&vid=MWDL,1,1,00:00:00,1,100.00%,100.00%,$0.00
mwdl.org/index.php?afterTimeout=BE14B4574BC8B866EC71E533925BB5B6&vid=MWDL,1,1,00:00:05,1,0.00%,0.00%,$0.00
mwdl.org/index.php?afterTimeout=C471509AD49DAA949779EEE0F1A9A024&vid=MWDL,1,1,00:00:00,1,100.00%,100.00%,$0.00
mwdl.org/index.php?afterTimeout=E0DD502ECF3FC3735ADAD0D86EAC5914&vid=MWDL,1,1,00:00:00,1,100.00%,100.00%,$0.00
mwdl.org/index.php?afterTimeout=FA470AAF59DD543EFECA685CF002F72C&vid=MWDL,1,1,00:00:00,1,100.00%,100.00%,$0.00
mwdl.org/index.php/collections/collections/about/events/portals/partners/events/partners/aboutpartners.php,1,1,00:00:00,1,100.00%,100.00%,$0.00
mwdl.org/index.php/policy,1,1,00:00:00,1,100.00%,100.00%,$0.00
mwdl.org/partners/BuffaloBillCenteroftheWestMcCrackenResearchLibrary.php,1,1,00:00:00,0,0.00%,100.00%,$0.00
mwdl.org/partners/DaughtersoftheUtahPioneersSpringvilleUT.php,1,1,00:00:00,0,0.00%,100.00%,$0.00
mwdl.org/partners/LifeStoryLibraryFoundation.php,1,1,00:00:00,1,100.00%,100.00%,$0.00
mwdl.org/partners/OregonStateUniversityLibraries.php,1,1,00:00:06,1,0.00%,0.00%,$0.00
mwdl.org/partners/TooeleUTCityLibrary.php,1,1,00:00:00,1,100.00%,100.00%,$0.00
mwdl.org/partners/UniversityofOregonLibraries.php,1,1,00:00:00,0,0.00%,100.00%,$0.00
mwdl.org/partners/UniversityofUtah.php,1,1,00:00:00,1,100.00%,100.00%,$0.00
mwdl.org/partners/UtahDepartmentofAdministrativeServicesDivisionofAdministrativeRules.php,1,1,00:00:00,1,100.00%,100.00%,$0.00
mwdl.org/partners/WeberStateUniversityStewartLibrary.php,1,1,00:00:01,0,0.00%,0.00%,$0.00
mwdl.orgwww.mwdl.org/index.php,1,1,00:00:00,1,100.00%,100.00%,$0.00
orgwww.mwdl.org/index.php,1,1,00:00:00,1,100.00%,100.00%,$0.00
pedp.mwdl.org/index.php,1,1,00:00:00,1,100.00%,100.00%,$0.00
qqq.mwdl.org/index.php,1,1,00:00:00,1,100.00%,100.00%,$0.00
sss.mwdl.org/index.php,1,1,00:00:00,1,100.00%,100.00%,$0.00
swww.mwdl.org/index.php,1,1,00:00:00,1,100.00%,100.00%,$0.00
test.mwdl.org/education/StateofUtah.php,1,1,00:00:10,0,0.00%,0.00%,$0.00
vvv.mwdl.org/index.php,1,1,00:00:00,1,100.00%,100.00%,$0.00
vww.mwdl.org/index.php,1,1,00:00:00,1,100.00%,100.00%,$0.00
vwww.mwdl.org/index.php,1,1,00:00:00,1,100.00%,100.00%,$0.00
w2w.mwdl.org/index.php,1,1,00:00:00,1,100.00%,100.00%,$0.00
waw.mwdl.org/index.php,1,1,00:00:00,1,100.00%,100.00%,$0.00
waww.mwdl.org/index.php,1,1,00:00:00,1,100.00%,100.00%,$0.00
wdw.mwdl.org/index.php,1,1,00:00:00,1,100.00%,100.00%,$0.00
wdww.mwdl.org/index.php,1,1,00:00:00,1,100.00%,100.00%,$0.00
weww.mwdl.org/index.php,1,1,00:00:00,1,100.00%,100.00%,$0.00
wqw.mwdl.org/index.php,1,1,00:00:00,1,100.00%,100.00%,$0.00
wqww.mwdl.org/index.php,1,1,00:00:00,1,100.00%,100.00%,$0.00
wsw.mwdl.org/index.php,1,1,00:00:00,1,100.00%,100.00%,$0.00
wsww.mwdl.org/index.php,1,1,00:00:00,1,100.00%,100.00%,$0.00
wsww.mwdl.org/portals/ead.php,1,1,00:00:00,1,100.00%,100.00%,$0.00
wvw.mwdl.org/index.php,1,1,00:00:00,1,100.00%,100.00%,$0.00
wvww.mwdl.org/index.php,1,1,00:00:00,1,100.00%,100.00%,$0.00
ww2w.mwdl.org/index.php,1,1,00:00:00,1,100.00%,100.00%,$0.00
ww3w.mwdl.org/index.php,1,1,00:00:00,1,100.00%,100.00%,$0.00
wwaw.mwdl.org/index.php,1,1,00:00:00,1,100.00%,100.00%,$0.00
wwd.mwdl.org/collections/collections.php,1,1,00:00:00,1,100.00%,100.00%,$0.00
wwdw.mwdl.org/index.php,1,1,00:00:00,1,100.00%,100.00%,$0.00
wwe.mwdl.org/index.php,1,1,00:00:00,1,100.00%,100.00%,$0.00
wwqw.mwdl.org/index.php,1,1,00:00:00,1,100.00%,100.00%,$0.00
wws.mwdl.org/index.php,1,1,00:00:00,1,100.00%,100.00%,$0.00
wwsw.mwdl.org/index.php,1,1,00:00:00,1,100.00%,100.00%,$0.00
wwv.mwdl.org/index.php,1,1,00:00:00,1,100.00%,100.00%,$0.00
wwvw.mwdl.org/index.php,1,1,00:00:00,1,100.00%,100.00%,$0.00
www.mwdl.org/ampcollections/ClowardCollectionofWesternAmericanArt.php,1,1,00:00:00,1,100.00%,100.00%,$0.00
www.mwdl.org/ampcollections/ColoradoRiverbedCase.php,1,1,00:00:16,0,0.00%,0.00%,$0.00
www.mwdl.org/ampcollections/DaughtersoftheUtahPioneersKaysvilleUTPhillipsCampBiographies.php,1,1,00:00:00,1,100.00%,100.00%,$0.00
www.mwdl.org/ampcollections/EncyclopediaofMormonism.php,1,1,00:00:00,1,100.00%,100.00%,$0.00
www.mwdl.org/ampcollections/HistoryofShelleyID.php,1,1,00:00:26,0,0.00%,0.00%,$0.00
www.mwdl.org/ampcollections/MorganCountyHistoricalSocietyComoSpringsResort.php,1,1,00:00:00,1,100.00%,100.00%,$0.00
www.mwdl.org/ampcollections/OgdenUtahPoliceArrestandJailRecordBooks.php,1,1,00:00:00,1,100.00%,100.00%,$0.00
www.mwdl.org/ampcollections/RichardWrightYoungPapers.php,1,1,00:00:00,1,100.00%,100.00%,$0.00
www.mwdl.org/ampcollections/TaylorWoolleyPhotographCollection.php,1,1,00:00:00,1,100.00%,100.00%,$0.00
www.mwdl.org/ampcollections/WeberStateUniversityStudentNewspapers.php,1,1,00:00:00,1,100.00%,100.00%,$0.00
www.mwdl.org/ampcollections/WeberStateYearbook1905to1982.php,1,1,00:00:00,0,0.00%,100.00%,$0.00
www.mwdl.org/ampcollections/WesternSoundscapeArchiveSpectrograms.php,1,1,00:00:04,0,0.00%,0.00%,$0.00
www.mwdl.org/amppartners/BoiseStateUniversityAlbertsonsLibrary.php,1,1,00:00:26,0,0.00%,0.00%,$0.00
www.mwdl.org/amppartners/MorganCountyUTHistoricalSocietyandMorganCountyUTPublicLibrary.php,1,1,00:00:05,0,0.00%,0.00%,$0.00
www.mwdl.org/collections/AlbertTissandierCollection.php,1,1,00:00:18,0,0.00%,0.00%,$0.00
www.mwdl.org/collections/BasqueDigitalCollection.php,1,1,00:00:07,0,0.00%,0.00%,$0.00
www.mwdl.org/collections/CharlesRSavagePhotographs2.php,1,1,00:00:00,1,100.00%,100.00%,$0.00
www.mwdl.org/collections/CivilianConservationCorpsinUtah.php,1,1,00:01:18,0,0.00%,0.00%,$0.00
www.mwdl.org/collections/CRSavageCompanyPortraitCollection.php,1,1,00:00:06,0,0.00%,0.00%,$0.00
www.mwdl.org/collections/DanPowellphotographs1970s2000s.php,1,1,00:00:18,0,0.00%,0.00%,$0.00
www.mwdl.org/collections/DeeFamilyPhotographsCorrespondenceandMarriageRegister.php,1,1,00:12:11,0,0.00%,0.00%,$0.00
www.mwdl.org/collections/DepartmentofHeritageandArtsClassifiedPhotographCollection.php,1,1,00:00:35,0,0.00%,0.00%,$0.00
www.mwdl.org/collections/DialogueAJournalofMormonThought.php,1,1,00:07:25,0,0.00%,0.00%,$0.00
www.mwdl.org/collections/DissociationandTraumaArchives.php,1,1,00:06:45,0,0.00%,0.00%,$0.00
www.mwdl.org/collections/DorisUlmannPhotographs.php,1,1,00:00:53,0,0.00%,0.00%,$0.00
www.mwdl.org/collections/FlorenceMHartshornphotographs18991900.php,1,1,00:00:19,0,0.00%,0.00%,$0.00
www.mwdl.org/collections/FrankandBethineChurchCollection.php,1,1,00:00:25,0,0.00%,0.00%,$0.00
www.mwdl.org/collections/FrankBeckwithCollection.php,1,1,00:02:21,0,0.00%,0.00%,$0.00
www.mwdl.org/collections/FrazierAugustusBoutellephotographsc18651900.php,1,1,00:07:02,0,0.00%,0.00%,$0.00
www.mwdl.org/collections/FrederickWilliamReynoldsLectures.php,1,1,00:00:00,1,100.00%,100.00%,$0.00
www.mwdl.org/collections/GraysonMathews19482007photographs1970s1990s.php,1,1,00:00:56,0,0.00%,0.00%,$0.00
www.mwdl.org/collections/GreenRiverLaunchComplexUSAirForce.php,1,1,00:00:15,0,0.00%,0.00%,$0.00
www.mwdl.org/collections/HomerJonesPhotographs.php,1,1,00:00:08,0,0.00%,0.00%,$0.00
www.mwdl.org/collections/IronCountyUTHistoricalPhotographs.php,1,1,00:04:04,0,0.00%,0.00%,$0.00
www.mwdl.org/collections/JohnBauguessPhotographs1970s.php,1,1,00:00:17,0,0.00%,0.00%,$0.00
www.mwdl.org/collections/JohnWesleyWilliamsonPhotographs.php,1,1,00:00:00,1,100.00%,100.00%,$0.00
www.mwdl.org/collections/JournalofEastAsianLibraries.php,1,1,00:00:00,1,100.00%,100.00%,$0.00
www.mwdl.org/collections/JustPassinThroughTheLincolnandVictoryHighwaysinNevada.php,1,1,00:04:16,0,0.00%,0.00%,$0.00
www.mwdl.org/collections/LeeDDrake18821957photographsca19101957.php,1,1,00:01:31,0,0.00%,0.00%,$0.00
www.mwdl.org/collections/LeeMoorhousePhotographs.php,1,1,00:03:17,0,0.00%,0.00%,$0.00
www.mwdl.org/collections/MormonMissionaryDiaries.php,1,1,00:00:30,0,0.00%,0.00%,$0.00
www.mwdl.org/collections/MormonPacificHistoricalSociety.php,1,1,00:00:00,1,100.00%,100.00%,$0.00
www.mwdl.org/collections/MS002VictorArlandCollection.php,1,1,00:00:00,0,0.00%,100.00%,$0.00
www.mwdl.org/collections/MS021YellowstoneNationalPark.php,1,1,00:00:00,0,0.00%,100.00%,$0.00
www.mwdl.org/collections/MS056FrankARinehart.php,1,1,00:00:00,1,100.00%,100.00%,$0.00
www.mwdl.org/collections/MusicTempleVisitorsRegister.php,1,1,00:00:00,0,0.00%,100.00%,$0.00
www.mwdl.org/collections/NeuroOphthalmologyRobertBDaroffCollection.php,1,1,00:00:00,1,100.00%,100.00%,$0.00
www.mwdl.org/collections/NevadainMaps.php,1,1,00:00:00,1,100.00%,100.00%,$0.00
www.mwdl.org/collections/OgdenBuildingsbyStreet.php,1,1,00:00:00,0,0.00%,100.00%,$0.00
www.mwdl.org/collections/OgdenChurchesandSchools.php,1,1,00:04:32,0,0.00%,0.00%,$0.00
www.mwdl.org/collections/OremUTSchoolYearbooks.php,1,1,00:00:00,0,0.00%,100.00%,$0.00
www.mwdl.org/collections/OrsonFWhitneyDiaries.php,1,1,00:00:00,1,100.00%,100.00%,$0.00
www.mwdl.org/collections/PeoplesofUtah.php,1,1,00:00:00,1,100.00%,100.00%,$0.00
www.mwdl.org/collections/PeteCennarusaCollection.php,1,1,00:00:37,1,0.00%,0.00%,$0.00
www.mwdl.org/collections/PracticingMedicineAHistoricalGlimpseatUtahandBeyond.php,1,1,00:00:04,0,0.00%,0.00%,$0.00
www.mwdl.org/collections/RichDrEdwardIandEmilyAlmiraCozzensDiaries.php,1,1,00:03:37,0,0.00%,0.00%,$0.00
www.mwdl.org/collections/SaltLakeCommunityCollegeAudiovisualArchives.php,1,1,00:00:10,0,0.00%,0.00%,$0.00
www.mwdl.org/collections/TannerTrustBookCollection.php,1,1,00:00:13,0,0.00%,0.00%,$0.00
www.mwdl.org/collections/TheElectricStudioOGAllenphotographsca19111913.php,1,1,00:00:16,0,0.00%,0.00%,$0.00
www.mwdl.org/collections/TopazMuseumCollection.php,1,1,00:00:38,0,0.00%,0.00%,$0.00
www.mwdl.org/collections/UintahCountyRegionalHistoryCenterCollection.php,1,1,00:00:27,0,0.00%,0.00%,$0.00
www.mwdl.org/collections/UndergraduateResearchAbstractsJournal.php,1,1,00:00:18,0,0.00%,0.00%,$0.00
www.mwdl.org/collections/UniversityofUtahCollegeofArchitecturePlanningCollection.php,1,1,00:00:26,0,0.00%,0.00%,$0.00
www.mwdl.org/collections/UniversityofUtahDaughtersoftheAmericanRevolutionPapers.php,1,1,00:00:00,1,100.00%,100.00%,$0.00
www.mwdl.org/collections/UniversityofUtahPhotographArchives.php,1,1,00:00:00,1,100.00%,100.00%,$0.00
www.mwdl.org/collections/UtahConstructionCompanyStockholderLedgers.php,1,1,00:00:00,1,100.00%,100.00%,$0.00
www.mwdl.org/collections/UtahSemiCentennialCommissionBookofthePioneers.php,1,1,00:00:00,1,100.00%,100.00%,$0.00
www.mwdl.org/collections/UtahTerritorialSecretaryTerritorialExecutivePapers.php,1,1,00:01:52,0,0.00%,0.00%,$0.00
www.mwdl.org/collections/WalterSBowman18651938photographs1880s1920s.php,1,1,00:00:19,0,0.00%,0.00%,$0.00
www.mwdl.org/collections/WeberStateUniversity50thAnniversary.php,1,1,00:00:54,0,0.00%,0.00%,$0.00
www.mwdl.org/collections/WeberStateYearbook1905to1982.php,1,1,00:00:01,1,0.00%,0.00%,$0.00
www.mwdl.org/collections/WesternPhotographers.php,1,1,00:03:05,0,0.00%,0.00%,$0.00
www.mwdl.org/collections/WesternWatersBookCollection.php,1,1,00:00:00,0,0.00%,100.00%,$0.00
www.mwdl.org/collections/WestminsterCollegePhotographCollection.php,1,1,00:00:00,0,0.00%,100.00%,$0.00
www.mwdl.org/collections/WilliamOttogaryCollection.php,1,1,00:00:00,0,0.00%,100.00%,$0.00
www.mwdl.org/collections/WorldWarIPhotographs.php,1,1,00:20:19,0,0.00%,0.00%,$0.00
www.mwdl.org/getinvolved/becomeMember.php,1,1,00:00:31,0,0.00%,0.00%,$0.00
www.mwdl.org/getinvolved/becomePartner.php,1,1,00:00:01,0,0.00%,0.00%,$0.00
www.mwdl.org/getinvolved/guidelines.php,1,1,00:00:00,1,100.00%,100.00%,$0.00
www.mwdl.org/maps/map_counties.php,1,1,00:03:38,0,0.00%,0.00%,$0.00
www.mwdl.org/maps/map_countries.php,1,1,00:00:09,0,0.00%,0.00%,$0.00
www.mwdl.org/maps/map_states.php,1,1,00:00:00,0,0.00%,100.00%,$0.00
www.mwdl.org/partners/DaughtersoftheUtahPioneersSpringvilleUT.php,1,1,00:18:32,0,0.00%,0.00%,$0.00
www.mwdl.org/partners/DepartmentofHeritageandArts.php,1,1,00:00:00,0,0.00%,100.00%,$0.00
www.mwdl.org/partners/MorganCountyUTHistoricalSocietyandMorganCountyUTPublicLibrary.php,1,1,00:00:00,0,0.00%,0.00%,$0.00
www.mwdl.org/partners/SouthernUtahUniversitySherrattLibrary.php,1,1,00:00:00,0,0.00%,100.00%,$0.00
www.mwdl.org/partners/WestminsterCollegeGiovaleLibrary.php,1,1,00:00:05,0,0.00%,0.00%,$0.00
www.mwdl.org/portals/pioneers.php,1,1,00:00:00,0,0.00%,100.00%,$0.00
www.mwdl.orgwww.mwdl.org/index.php,1,1,00:00:00,1,100.00%,100.00%,$0.00
